abs_vertical_error_m,code_rms_m,east_error_m,elapsed_s,epochs_used,error_3d_m,horizontal_error_m,input_satellites,iterations,north_error_m,observations_this_epoch,phase_rms_m,solver_converged,source,station,status,time_gpst,tow_s,up_error_m,used_broadcast_fallback_count,used_broadcast_fallback_satellites,used_corrected_count,used_corrected_satellites,used_satellites,vertical_error_m,weighted_rms_m,x_m,y_m,z_m
,,,0.0,1,,,E04 E06 E09 E10 E11 E19 E21 E23 E27 E28 E29 E34 E36 G05 G10 G14 G15 G17 G18 G19 G20 G21 G22 G23 G24 G30,,,26,,,broadcast,DLF1,skipped_min_epochs,2026-07-08 19:33:00 GPST,329580.0,,,,,,,,,,,
,,,300.0,2,,,E04 E06 E09 E10 E11 E19 E21 E23 E27 E28 E29 E34 E36 G05 G10 G14 G15 G17 G19 G20 G22 G23 G24 G30,,,24,,,broadcast,DLF1,skipped_min_epochs,2026-07-08 19:38:00 GPST,329880.0,,,,,,,,,,,
0.5399,2.7494,-0.3803,600.0,3,0.8166,0.6127,E04 E06 E09 E11 E19 E21 E23 E27 E28 E29 E31 E34 E36 G05 G10 G14 G15 G17 G19 G20 G22 G23 G24 G30,3,-0.4804,24,0.0240,True,broadcast,DLF1,ok,2026-07-08 19:43:00 GPST,330180.0,-0.5399,0,,0,,E04:E1/E5a:0 E06:E1/E5a:0 E09:E1/E5a:0 E11:E1/E5a:0 E19:E1/E5a:0 E21:E1/E5a:0 E23:E1/E5a:0 E27:E1/E5a:0 E28:E1/E5a:0 E36:E1/E5a:0 G05:L1/L2:0 G14:L1/L2:0 G15:L1/L2:0 G17:L1/L2:0 G20:L1/L2:0 G22:L1/L2:0 G23:L1/L2:0 G24:L1/L2:0 G30:L1/L2:0,-0.5399,1.7685,3924697.6155,301125.0062,5001904.6777
0.5134,2.7073,-0.2103,900.0,4,0.8426,0.6682,E04 E06 E09 E11 E19 E21 E23 E27 E28 E29 E31 E34 E36 G05 G10 G12 G14 G15 G17 G19 G20 G22 G23 G24 G30,3,-0.6342,25,0.0309,True,broadcast,DLF1,ok,2026-07-08 19:48:00 GPST,330480.0,-0.5134,0,,0,,E04:E1/E5a:0 E06:E1/E5a:0 E09:E1/E5a:0 E11:E1/E5a:0 E19:E1/E5a:0 E21:E1/E5a:0 E23:E1/E5a:0 E27:E1/E5a:0 E28:E1/E5a:0 E36:E1/E5a:0 G05:L1/L2:0 G10:L1/L2:0 G14:L1/L2:0 G15:L1/L2:0 G17:L1/L2:0 G20:L1/L2:0 G22:L1/L2:0 G23:L1/L2:0 G24:L1/L2:0 G30:L1/L2:0,-0.5134,1.9380,3924697.7397,301125.1862,5001904.6038
0.3903,2.6743,-0.0596,1200.0,5,0.7030,0.5847,E04 E06 E09 E11 E19 E21 E23 E27 E28 E29 E31 E34 E36 G02 G05 G10 G12 G14 G15 G17 G19 G20 G22 G23 G24 G30,3,-0.5816,26,0.0348,True,broadcast,DLF1,ok,2026-07-08 19:53:00 GPST,330780.0,-0.3903,0,,0,,E04:E1/E5a:0 E06:E1/E5a:0 E09:E1/E5a:0 E11:E1/E5a:0 E19:E1/E5a:0 E21:E1/E5a:0 E23:E1/E5a:0 E27:E1/E5a:0 E28:E1/E5a:0 E36:E1/E5a:0 G05:L1/L2:0 G10:L1/L2:0 G14:L1/L2:0 G15:L1/L2:0 G17:L1/L2:0 G19:L1/L2:0 G20:L1/L2:0 G22:L1/L2:0 G23:L1/L2:0 G24:L1/L2:0 G30:L1/L2:0,-0.3903,2.0621,3924697.7624,301125.3391,5001904.7332
0.0432,2.7197,-0.2835,1500.0,6,0.5591,0.5574,E04 E06 E09 E11 E19 E21 E23 E27 E28 E29 E31 E34 E36 G02 G05 G10 G12 G14 G15 G17 G19 G20 G22 G23 G24 G30,2,-0.4800,26,0.0431,True,broadcast,DLF1,ok,2026-07-08 19:58:00 GPST,331080.0,-0.0432,0,,0,,E04:E1/E5a:0 E06:E1/E5a:0 E09:E1/E5a:0 E11:E1/E5a:0 E19:E1/E5a:0 E21:E1/E5a:0 E23:E1/E5a:0 E27:E1/E5a:0 E28:E1/E5a:0 E36:E1/E5a:0 G05:L1/L2:0 G10:L1/L2:0 G14:L1/L2:0 G15:L1/L2:0 G17:L1/L2:0 G19:L1/L2:0 G20:L1/L2:0 G22:L1/L2:0 G23:L1/L2:0 G24:L1/L2:0 G30:L1/L2:0,-0.0432,2.4537,3924697.9128,301125.1262,5001905.0693
0.0768,2.7150,-0.2850,1800.0,7,0.5029,0.4970,E04 E06 E09 E11 E19 E21 E23 E27 E28 E29 E31 E34 E36 G02 G05 G10 G12 G14 G15 G17 G19 G20 G22 G23 G24 G30,2,-0.4072,26,0.0498,True,broadcast,DLF1,ok,2026-07-08 20:03:00 GPST,331380.0,0.0768,0,,0,,E04:E1/E5a:0 E06:E1/E5a:0 E09:E1/E5a:0 E11:E1/E5a:0 E19:E1/E5a:0 E21:E1/E5a:0 E23:E1/E5a:0 E27:E1/E5a:0 E28:E1/E5a:0 E36:E1/E5a:0 G05:L1/L2:0 G10:L1/L2:0 G14:L1/L2:0 G15:L1/L2:0 G17:L1/L2:0 G19:L1/L2:0 G20:L1/L2:0 G22:L1/L2:0 G23:L1/L2:0 G24:L1/L2:0 G30:L1/L2:0,0.0768,2.8550,3924697.9294,301125.1259,5001905.2086
0.0109,2.7079,-0.2898,2100.0,8,0.5014,0.5013,E04 E06 E09 E19 E21 E23 E27 E28 E31 E34 E36 G02 G05 G10 G12 G14 G15 G17 G19 G20 G22 G23 G24 G30,3,-0.4090,24,0.0521,True,broadcast,DLF1,ok,2026-07-08 20:08:00 GPST,331680.0,0.0109,0,,0,,E04:E1/E5a:0 E06:E1/E5a:0 E09:E1/E5a:0 E11:E1/E5a:0 E19:E1/E5a:0 E21:E1/E5a:0 E23:E1/E5a:0 E27:E1/E5a:0 E28:E1/E5a:0 E31:E1/E5a:0 E36:E1/E5a:0 G05:L1/L2:0 G10:L1/L2:0 G14:L1/L2:0 G15:L1/L2:0 G17:L1/L2:0 G19:L1/L2:0 G20:L1/L2:0 G22:L1/L2:0 G23:L1/L2:0 G24:L1/L2:0 G30:L1/L2:0,0.0109,2.9799,3924697.8908,301125.1181,5001905.1556
0.0130,2.6987,-0.2387,2400.0,9,0.4835,0.4833,E04 E06 E09 E19 E21 E23 E27 E28 E31 E34 E36 G02 G05 G10 G12 G14 G15 G17 G19 G20 G22 G23 G24 G30,3,-0.4203,24,0.0567,True,broadcast,DLF1,ok,2026-07-08 20:13:00 GPST,331980.0,0.0130,0,,0,,E04:E1/E5a:0 E06:E1/E5a:0 E09:E1/E5a:0 E11:E1/E5a:0 E19:E1/E5a:0 E21:E1/E5a:0 E23:E1/E5a:0 E27:E1/E5a:0 E28:E1/E5a:0 E31:E1/E5a:0 E36:E1/E5a:0 G05:L1/L2:0 G10:L1/L2:0 G12:L1/L2:0 G14:L1/L2:0 G15:L1/L2:0 G17:L1/L2:0 G19:L1/L2:0 G20:L1/L2:0 G22:L1/L2:0 G23:L1/L2:0 G24:L1/L2:0 G30:L1/L2:0,0.0130,3.2372,3924697.8970,301125.1699,5001905.1503
0.1176,2.7268,0.0423,2700.0,10,0.4769,0.4622,E04 E06 E09 E19 E21 E23 E27 E28 E31 E34 E36 G02 G05 G10 G12 G14 G15 G17 G19 G20 G22 G23 G24 G30,3,-0.4603,24,0.0775,True,broadcast,DLF1,ok,2026-07-08 20:18:00 GPST,332280.0,0.1176,0,,0,,E04:E1/E5a:0 E06:E1/E5a:0 E09:E1/E5a:0 E11:E1/E5a:0 E19:E1/E5a:0 E21:E1/E5a:0 E23:E1/E5a:0 E27:E1/E5a:0 E28:E1/E5a:0 E31:E1/E5a:0 E36:E1/E5a:0 G05:L1/L2:0 G10:L1/L2:0 G12:L1/L2:0 G14:L1/L2:0 G15:L1/L2:0 G17:L1/L2:0 G19:L1/L2:0 G20:L1/L2:0 G22:L1/L2:0 G23:L1/L2:0 G24:L1/L2:0 G30:L1/L2:0,0.1176,4.0332,3924697.9711,301125.4574,5001905.2080
0.0771,2.7419,0.2180,3000.0,11,0.4879,0.4818,E04 E06 E09 E19 E21 E23 E27 E28 E31 E34 E36 G02 G05 G10 G12 G14 G15 G17 G19 G20 G22 G23 G24 G30,3,-0.4296,24,0.0828,True,broadcast,DLF1,ok,2026-07-08 20:23:00 GPST,332580.0,0.0771,0,,0,,E04:E1/E5a:0 E06:E1/E5a:0 E09:E1/E5a:0 E11:E1/E5a:0 E19:E1/E5a:0 E21:E1/E5a:0 E23:E1/E5a:0 E27:E1/E5a:0 E28:E1/E5a:0 E31:E1/E5a:0 E36:E1/E5a:0 G05:L1/L2:0 G10:L1/L2:0 G12:L1/L2:0 G14:L1/L2:0 G15:L1/L2:0 G17:L1/L2:0 G19:L1/L2:0 G20:L1/L2:0 G22:L1/L2:0 G23:L1/L2:0 G24:L1/L2:0 G30:L1/L2:0,0.0771,4.1977,3924697.9087,301125.6288,5001905.1950
0.0551,2.7451,0.2592,3300.0,12,0.4650,0.4618,E04 E06 E09 E19 E21 E23 E27 E28 E31 E34 E36 G02 G10 G12 G14 G15 G17 G19 G20 G22 G23 G24 G30,3,-0.3821,23,0.0845,True,broadcast,DLF1,ok,2026-07-08 20:28:00 GPST,332880.0,0.0551,0,,0,,E04:E1/E5a:0 E06:E1/E5a:0 E09:E1/E5a:0 E11:E1/E5a:0 E19:E1/E5a:0 E21:E1/E5a:0 E23:E1/E5a:0 E27:E1/E5a:0 E28:E1/E5a:0 E31:E1/E5a:0 E36:E1/E5a:0 G05:L1/L2:0 G10:L1/L2:0 G12:L1/L2:0 G14:L1/L2:0 G15:L1/L2:0 G17:L1/L2:0 G19:L1/L2:0 G20:L1/L2:0 G22:L1/L2:0 G23:L1/L2:0 G24:L1/L2:0 G30:L1/L2:0,0.0551,4.2730,3924697.8548,301125.6660,5001905.2070
0.0021,2.7370,0.2943,3600.0,13,0.4360,0.4360,E04 E06 E09 E19 E21 E23 E28 E31 E34 E36 G02 G10 G12 G14 G15 G17 G19 G20 G22 G23 G24 G30,3,-0.3217,22,0.0861,True,broadcast,DLF1,ok,2026-07-08 20:33:00 GPST,333180.0,0.0021,0,,0,,E04:E1/E5a:0 E06:E1/E5a:0 E09:E1/E5a:0 E11:E1/E5a:0 E19:E1/E5a:0 E21:E1/E5a:0 E23:E1/E5a:0 E27:E1/E5a:0 E28:E1/E5a:0 E31:E1/E5a:0 E36:E1/E5a:0 G05:L1/L2:0 G10:L1/L2:0 G12:L1/L2:0 G14:L1/L2:0 G15:L1/L2:0 G17:L1/L2:0 G19:L1/L2:0 G20:L1/L2:0 G22:L1/L2:0 G23:L1/L2:0 G24:L1/L2:0 G30:L1/L2:0,0.0021,4.3378,3924697.7721,301125.6948,5001905.2024
0.0967,2.7351,0.3057,3900.0,14,0.4208,0.4096,E04 E06 E09 E19 E21 E23 E28 E31 E34 E36 G02 G10 G12 G14 G15 G17 G19 G20 G22 G23 G24,3,-0.2726,21,0.0880,True,broadcast,DLF1,ok,2026-07-08 20:38:00 GPST,333480.0,-0.0967,0,,0,,E04:E1/E5a:0 E06:E1/E5a:0 E09:E1/E5a:0 E11:E1/E5a:0 E19:E1/E5a:0 E21:E1/E5a:0 E23:E1/E5a:0 E27:E1/E5a:0 E28:E1/E5a:0 E31:E1/E5a:0 E36:E1/E5a:0 G05:L1/L2:0 G10:L1/L2:0 G12:L1/L2:0 G14:L1/L2:0 G15:L1/L2:0 G17:L1/L2:0 G19:L1/L2:0 G20:L1/L2:0 G22:L1/L2:0 G23:L1/L2:0 G24:L1/L2:0 G30:L1/L2:0,-0.0967,4.3902,3924697.6720,301125.6985,5001905.1548
0.1681,2.7319,0.3122,4200.0,15,0.4240,0.3893,E04 E06 E09 E15 E19 E21 E23 E28 E31 E34 E36 G01 G02 G10 G12 G14 G15 G17 G19 G20 G22 G23 G24,3,-0.2325,23,0.0900,True,broadcast,DLF1,ok,2026-07-08 20:43:00 GPST,333780.0,-0.1681,0,,0,,E04:E1/E5a:0 E06:E1/E5a:0 E09:E1/E5a:0 E11:E1/E5a:0 E19:E1/E5a:0 E21:E1/E5a:0 E23:E1/E5a:0 E27:E1/E5a:0 E28:E1/E5a:0 E31:E1/E5a:0 E36:E1/E5a:0 G05:L1/L2:0 G10:L1/L2:0 G12:L1/L2:0 G14:L1/L2:0 G15:L1/L2:0 G17:L1/L2:0 G19:L1/L2:0 G20:L1/L2:0 G22:L1/L2:0 G23:L1/L2:0 G24:L1/L2:0 G30:L1/L2:0,-0.1681,4.4420,3924697.5962,301125.6992,5001905.1232
0.2382,2.7161,0.3202,4500.0,16,0.4397,0.3696,E04 E06 E09 E15 E19 E21 E23 E28 E31 E34 E36 G01 G02 G10 G12 G14 G15 G17 G19 G20 G22 G23 G24,3,-0.1846,23,0.0917,True,broadcast,DLF1,ok,2026-07-08 20:48:00 GPST,334080.0,-0.2382,0,,0,,E04:E1/E5a:0 E06:E1/E5a:0 E09:E1/E5a:0 E11:E1/E5a:0 E19:E1/E5a:0 E21:E1/E5a:0 E23:E1/E5a:0 E27:E1/E5a:0 E28:E1/E5a:0 E31:E1/E5a:0 E36:E1/E5a:0 G05:L1/L2:0 G10:L1/L2:0 G12:L1/L2:0 G14:L1/L2:0 G15:L1/L2:0 G17:L1/L2:0 G19:L1/L2:0 G20:L1/L2:0 G22:L1/L2:0 G23:L1/L2:0 G24:L1/L2:0 G30:L1/L2:0,-0.2382,4.4805,3924697.5148,301125.7011,5001905.0975
0.3055,2.7055,0.3038,4800.0,17,0.4551,0.3373,E04 E06 E09 E15 E19 E21 E23 E28 E31 E34 G01 G02 G10 G12 G14 G15 G17 G19 G20 G22 G23 G24,3,-0.1465,22,0.0936,True,broadcast,DLF1,ok,2026-07-08 20:53:00 GPST,334380.0,-0.3055,0,,0,,E04:E1/E5a:0 E06:E1/E5a:0 E09:E1/E5a:0 E11:E1/E5a:0 E19:E1/E5a:0 E21:E1/E5a:0 E23:E1/E5a:0 E27:E1/E5a:0 E28:E1/E5a:0 E31:E1/E5a:0 E36:E1/E5a:0 G05:L1/L2:0 G10:L1/L2:0 G12:L1/L2:0 G14:L1/L2:0 G15:L1/L2:0 G17:L1/L2:0 G19:L1/L2:0 G20:L1/L2:0 G22:L1/L2:0 G23:L1/L2:0 G24:L1/L2:0 G30:L1/L2:0,-0.3055,4.5306,3924697.4449,301125.6793,5001905.0679
0.3655,2.7043,0.2977,5100.0,18,0.4839,0.3171,E04 E06 E09 E15 E19 E21 E23 E28 E31 E34 G01 G02 G10 G12 G14 G15 G17 G19 G20 G22 G23 G24,3,-0.1095,22,0.0962,True,broadcast,DLF1,ok,2026-07-08 20:58:00 GPST,334680.0,-0.3655,0,,0,,E04:E1/E5a:0 E06:E1/E5a:0 E09:E1/E5a:0 E11:E1/E5a:0 E19:E1/E5a:0 E21:E1/E5a:0 E23:E1/E5a:0 E27:E1/E5a:0 E28:E1/E5a:0 E31:E1/E5a:0 E36:E1/E5a:0 G05:L1/L2:0 G10:L1/L2:0 G12:L1/L2:0 G14:L1/L2:0 G15:L1/L2:0 G17:L1/L2:0 G19:L1/L2:0 G20:L1/L2:0 G22:L1/L2:0 G23:L1/L2:0 G24:L1/L2:0 G30:L1/L2:0,-0.3655,4.5871,3924697.3794,301125.6681,5001905.0435
0.2969,2.6885,0.3094,5400.0,19,0.4348,0.3177,E04 E06 E09 E15 E19 E21 E23 E28 E31 E34 G01 G02 G10 G12 G14 G15 G17 G19 G20 G22 G23 G24,3,-0.0722,22,0.1039,True,broadcast,DLF1,ok,2026-07-08 21:03:00 GPST,334980.0,-0.2969,0,,0,,E04:E1/E5a:0 E06:E1/E5a:0 E09:E1/E5a:0 E11:E1/E5a:0 E19:E1/E5a:0 E21:E1/E5a:0 E23:E1/E5a:0 E27:E1/E5a:0 E28:E1/E5a:0 E31:E1/E5a:0 E36:E1/E5a:0 G05:L1/L2:0 G10:L1/L2:0 G12:L1/L2:0 G14:L1/L2:0 G15:L1/L2:0 G17:L1/L2:0 G19:L1/L2:0 G20:L1/L2:0 G22:L1/L2:0 G23:L1/L2:0 G24:L1/L2:0 G30:L1/L2:0,-0.2969,5.0030,3924697.3913,301125.6807,5001905.1205
,,,0.0,1,,,E04 E06 E09 E10 E11 E19 E21 E23 E27 E28 E29 E34 E36 G05 G10 G14 G15 G17 G18 G19 G20 G21 G22 G23 G24 G30,,,26,,,has,DLF1,skipped_min_epochs,2026-07-08 19:33:00 GPST,329580.0,,,,,,,,,,,
,,,300.0,2,,,E04 E06 E09 E10 E11 E19 E21 E23 E27 E28 E29 E34 E36 G05 G10 G14 G15 G17 G19 G20 G22 G23 G24 G30,,,24,,,has,DLF1,skipped_min_epochs,2026-07-08 19:38:00 GPST,329880.0,,,,,,,,,,,
3.0041,4.9175,-3.1738,600.0,3,4.4749,3.3167,E04 E06 E09 E11 E19 E21 E23 E27 E28 E29 E31 E34 E36 G05 G10 G14 G15 G17 G19 G20 G22 G23 G24 G30,3,0.9630,24,0.2161,True,has,DLF1,ok,2026-07-08 19:43:00 GPST,330180.0,-3.0041,1,G17,18,E04 E06 E09 E11 E19 E21 E23 E27 E28 E36 G05 G14 G15 G20 G22 G23 G24 G30,E04:E1/E5a:0 E06:E1/E5a:0 E09:E1/E5a:0 E11:E1/E5a:0 E19:E1/E5a:0 E21:E1/E5a:0 E23:E1/E5a:0 E27:E1/E5a:0 E28:E1/E5a:0 E36:E1/E5a:0 G05:L1/L2:0 G14:L1/L2:0 G15:L1/L2:0 G17:L1/L2:0 G20:L1/L2:0 G22:L1/L2:0 G23:L1/L2:0 G24:L1/L2:0 G30:L1/L2:0,-3.0041,9.3431,3924695.1822,301122.0179,5001903.6251
1.8026,4.8572,-2.3115,900.0,4,2.9750,2.3667,E04 E06 E09 E11 E19 E21 E23 E27 E28 E29 E31 E34 E36 G05 G10 G12 G14 G15 G17 G19 G20 G22 G23 G24 G30,3,0.5081,25,0.1973,True,has,DLF1,ok,2026-07-08 19:48:00 GPST,330480.0,-1.8026,2,G10 G17,18,E04 E06 E09 E11 E19 E21 E23 E27 E28 E36 G05 G14 G15 G20 G22 G23 G24 G30,E04:E1/E5a:0 E06:E1/E5a:0 E09:E1/E5a:0 E11:E1/E5a:0 E19:E1/E5a:0 E21:E1/E5a:0 E23:E1/E5a:0 E27:E1/E5a:0 E28:E1/E5a:0 E36:E1/E5a:0 G05:L1/L2:0 G10:L1/L2:0 G14:L1/L2:0 G15:L1/L2:0 G17:L1/L2:0 G20:L1/L2:0 G22:L1/L2:0 G23:L1/L2:0 G24:L1/L2:0 G30:L1/L2:0,-1.8026,8.6728,3924696.2114,301122.9616,5001904.2916
1.3561,4.9194,-1.6405,1200.0,5,2.1460,1.6632,E04 E06 E09 E11 E19 E21 E23 E27 E28 E29 E31 E34 E36 G02 G05 G10 G12 G14 G15 G17 G19 G20 G22 G23 G24 G30,3,0.2741,26,0.1830,True,has,DLF1,ok,2026-07-08 19:53:00 GPST,330780.0,-1.3561,3,G10 G17 G19,18,E04 E06 E09 E11 E19 E21 E23 E27 E28 E36 G05 G14 G15 G20 G22 G23 G24 G30,E04:E1/E5a:0 E06:E1/E5a:0 E09:E1/E5a:0 E11:E1/E5a:0 E19:E1/E5a:0 E21:E1/E5a:0 E23:E1/E5a:0 E27:E1/E5a:0 E28:E1/E5a:0 E36:E1/E5a:0 G05:L1/L2:0 G10:L1/L2:0 G14:L1/L2:0 G15:L1/L2:0 G17:L1/L2:0 G19:L1/L2:0 G20:L1/L2:0 G22:L1/L2:0 G23:L1/L2:0 G24:L1/L2:0 G30:L1/L2:0,-1.3561,8.1010,3924696.6181,301123.6658,5001904.4993
0.9618,5.0645,-1.2366,1500.0,6,1.5738,1.2457,E04 E06 E09 E11 E19 E21 E23 E27 E28 E29 E31 E34 E36 G02 G05 G10 G12 G14 G15 G17 G19 G20 G22 G23 G24 G30,3,0.1505,26,0.1707,True,has,DLF1,ok,2026-07-08 19:58:00 GPST,331080.0,-0.9618,3,G10 G17 G19,18,E04 E06 E09 E11 E19 E21 E23 E27 E28 E36 G05 G14 G15 G20 G22 G23 G24 G30,E04:E1/E5a:0 E06:E1/E5a:0 E09:E1/E5a:0 E11:E1/E5a:0 E19:E1/E5a:0 E21:E1/E5a:0 E23:E1/E5a:0 E27:E1/E5a:0 E28:E1/E5a:0 E36:E1/E5a:0 G05:L1/L2:0 G10:L1/L2:0 G14:L1/L2:0 G15:L1/L2:0 G17:L1/L2:0 G19:L1/L2:0 G20:L1/L2:0 G22:L1/L2:0 G23:L1/L2:0 G24:L1/L2:0 G30:L1/L2:0,-0.9618,7.6085,3924696.9263,301124.0946,5001904.7338
0.7124,5.1508,-0.8414,1800.0,7,1.1071,0.8474,E04 E06 E09 E11 E19 E21 E23 E27 E28 E29 E31 E34 E36 G02 G05 G10 G12 G14 G15 G17 G19 G20 G22 G23 G24 G30,3,0.1004,26,0.1639,True,has,DLF1,ok,2026-07-08 20:03:00 GPST,331380.0,-0.7124,2,G10 G19,19,E04 E06 E09 E11 E19 E21 E23 E27 E28 E36 G05 G14 G15 G17 G20 G22 G23 G24 G30,E04:E1/E5a:0 E06:E1/E5a:0 E09:E1/E5a:0 E11:E1/E5a:0 E19:E1/E5a:0 E21:E1/E5a:0 E23:E1/E5a:0 E27:E1/E5a:0 E28:E1/E5a:0 E36:E1/E5a:0 G05:L1/L2:0 G10:L1/L2:0 G14:L1/L2:0 G15:L1/L2:0 G17:L1/L2:0 G19:L1/L2:0 G20:L1/L2:0 G22:L1/L2:0 G23:L1/L2:0 G24:L1/L2:0 G30:L1/L2:0,-0.7124,7.2792,3924697.0886,301124.5033,5001904.8995
0.6211,5.1714,-0.5677,2100.0,8,0.8447,0.5726,E04 E06 E09 E19 E21 E23 E27 E28 E31 E34 E36 G02 G05 G10 G12 G14 G15 G17 G19 G20 G22 G23 G24 G30,3,0.0746,24,0.1572,True,has,DLF1,ok,2026-07-08 20:08:00 GPST,331680.0,-0.6211,2,G10 G19,20,E04 E06 E09 E11 E19 E21 E23 E27 E28 E31 E36 G05 G14 G15 G17 G20 G22 G23 G24 G30,E04:E1/E5a:0 E06:E1/E5a:0 E09:E1/E5a:0 E11:E1/E5a:0 E19:E1/E5a:0 E21:E1/E5a:0 E23:E1/E5a:0 E27:E1/E5a:0 E28:E1/E5a:0 E31:E1/E5a:0 E36:E1/E5a:0 G05:L1/L2:0 G10:L1/L2:0 G14:L1/L2:0 G15:L1/L2:0 G17:L1/L2:0 G19:L1/L2:0 G20:L1/L2:0 G22:L1/L2:0 G23:L1/L2:0 G24:L1/L2:0 G30:L1/L2:0,-0.6211,6.9973,3924697.1441,301124.7821,5001904.9555
0.5340,5.2001,-0.4039,2400.0,9,0.6712,0.4066,E04 E06 E09 E19 E21 E23 E27 E28 E31 E34 E36 G02 G05 G10 G12 G14 G15 G17 G19 G20 G22 G23 G24 G30,3,0.0464,24,0.1510,True,has,DLF1,ok,2026-07-08 20:13:00 GPST,331980.0,-0.5340,2,G10 G19,21,E04 E06 E09 E11 E19 E21 E23 E27 E28 E31 E36 G05 G12 G14 G15 G17 G20 G22 G23 G24 G30,E04:E1/E5a:0 E06:E1/E5a:0 E09:E1/E5a:0 E11:E1/E5a:0 E19:E1/E5a:0 E21:E1/E5a:0 E23:E1/E5a:0 E27:E1/E5a:0 E28:E1/E5a:0 E31:E1/E5a:0 E36:E1/E5a:0 G05:L1/L2:0 G10:L1/L2:0 G12:L1/L2:0 G14:L1/L2:0 G15:L1/L2:0 G17:L1/L2:0 G19:L1/L2:0 G20:L1/L2:0 G22:L1/L2:0 G23:L1/L2:0 G24:L1/L2:0 G30:L1/L2:0,-0.5340,6.7400,3924697.2071,301124.9512,5001905.0067
0.3009,5.2442,-0.3198,2700.0,10,0.4409,0.3222,E04 E06 E09 E19 E21 E23 E27 E28 E31 E34 E36 G02 G05 G10 G12 G14 G15 G17 G19 G20 G22 G23 G24 G30,3,0.0394,24,0.1551,True,has,DLF1,ok,2026-07-08 20:18:00 GPST,332280.0,-0.3009,1,G19,22,E04 E06 E09 E11 E19 E21 E23 E27 E28 E31 E36 G05 G10 G12 G14 G15 G17 G20 G22 G23 G24 G30,E04:E1/E5a:0 E06:E1/E5a:0 E09:E1/E5a:0 E11:E1/E5a:0 E19:E1/E5a:0 E21:E1/E5a:0 E23:E1/E5a:0 E27:E1/E5a:0 E28:E1/E5a:0 E31:E1/E5a:0 E36:E1/E5a:0 G05:L1/L2:0 G10:L1/L2:0 G12:L1/L2:0 G14:L1/L2:0 G15:L1/L2:0 G17:L1/L2:0 G19:L1/L2:0 G20:L1/L2:0 G22:L1/L2:0 G23:L1/L2:0 G24:L1/L2:0 G30:L1/L2:0,-0.3009,6.9179,3924697.3493,301125.0465,5001905.1861
0.1487,5.2685,-0.2782,3000.0,11,0.3183,0.2815,E04 E06 E09 E19 E21 E23 E27 E28 E31 E34 E36 G02 G05 G10 G12 G14 G15 G17 G19 G20 G22 G23 G24 G30,3,0.0432,24,0.1567,True,has,DLF1,ok,2026-07-08 20:23:00 GPST,332580.0,-0.1487,1,G19,22,E04 E06 E09 E11 E19 E21 E23 E27 E28 E31 E36 G05 G10 G12 G14 G15 G17 G20 G22 G23 G24 G30,E04:E1/E5a:0 E06:E1/E5a:0 E09:E1/E5a:0 E11:E1/E5a:0 E19:E1/E5a:0 E21:E1/E5a:0 E23:E1/E5a:0 E27:E1/E5a:0 E28:E1/E5a:0 E31:E1/E5a:0 E36:E1/E5a:0 G05:L1/L2:0 G10:L1/L2:0 G12:L1/L2:0 G14:L1/L2:0 G15:L1/L2:0 G17:L1/L2:0 G19:L1/L2:0 G20:L1/L2:0 G22:L1/L2:0 G23:L1/L2:0 G24:L1/L2:0 G30:L1/L2:0,-0.1487,6.9496,3924697.4366,301125.0949,5001905.3084
0.0516,5.2781,-0.2471,3300.0,12,0.2554,0.2502,E04 E06 E09 E19 E21 E23 E27 E28 E31 E34 E36 G02 G10 G12 G14 G15 G17 G19 G20 G22 G23 G24 G30,3,0.0390,23,0.1553,True,has,DLF1,ok,2026-07-08 20:28:00 GPST,332880.0,-0.0516,1,G19,22,E04 E06 E09 E11 E19 E21 E23 E27 E28 E31 E36 G05 G10 G12 G14 G15 G17 G20 G22 G23 G24 G30,E04:E1/E5a:0 E06:E1/E5a:0 E09:E1/E5a:0 E11:E1/E5a:0 E19:E1/E5a:0 E21:E1/E5a:0 E23:E1/E5a:0 E27:E1/E5a:0 E28:E1/E5a:0 E31:E1/E5a:0 E36:E1/E5a:0 G05:L1/L2:0 G10:L1/L2:0 G12:L1/L2:0 G14:L1/L2:0 G15:L1/L2:0 G17:L1/L2:0 G19:L1/L2:0 G20:L1/L2:0 G22:L1/L2:0 G23:L1/L2:0 G24:L1/L2:0 G30:L1/L2:0,-0.0516,6.8631,3924697.4972,301125.1307,5001905.3822
0.0034,5.2852,-0.2229,3600.0,13,0.2254,0.2253,E04 E06 E09 E19 E21 E23 E28 E31 E34 E36 G02 G10 G12 G14 G15 G17 G19 G20 G22 G23 G24 G30,3,0.0330,22,0.1527,True,has,DLF1,ok,2026-07-08 20:33:00 GPST,333180.0,-0.0034,2,G19 G30,21,E04 E06 E09 E11 E19 E21 E23 E27 E28 E31 E36 G05 G10 G12 G14 G15 G17 G20 G22 G23 G24,E04:E1/E5a:0 E06:E1/E5a:0 E09:E1/E5a:0 E11:E1/E5a:0 E19:E1/E5a:0 E21:E1/E5a:0 E23:E1/E5a:0 E27:E1/E5a:0 E28:E1/E5a:0 E31:E1/E5a:0 E36:E1/E5a:0 G05:L1/L2:0 G10:L1/L2:0 G12:L1/L2:0 G14:L1/L2:0 G15:L1/L2:0 G17:L1/L2:0 G19:L1/L2:0 G20:L1/L2:0 G22:L1/L2:0 G23:L1/L2:0 G24:L1/L2:0 G30:L1/L2:0,-0.0034,6.7182,3924697.5296,301125.1575,5001905.4165
0.0326,5.2911,-0.2001,3900.0,14,0.2049,0.2023,E04 E06 E09 E19 E21 E23 E28 E31 E34 E36 G02 G10 G12 G14 G15 G17 G19 G20 G22 G23 G24,3,0.0298,21,0.1501,True,has,DLF1,ok,2026-07-08 20:38:00 GPST,333480.0,0.0326,2,G19 G30,21,E04 E06 E09 E11 E19 E21 E23 E27 E28 E31 E36 G05 G10 G12 G14 G15 G17 G20 G22 G23 G24,E04:E1/E5a:0 E06:E1/E5a:0 E09:E1/E5a:0 E11:E1/E5a:0 E19:E1/E5a:0 E21:E1/E5a:0 E23:E1/E5a:0 E27:E1/E5a:0 E28:E1/E5a:0 E31:E1/E5a:0 E36:E1/E5a:0 G05:L1/L2:0 G10:L1/L2:0 G12:L1/L2:0 G14:L1/L2:0 G15:L1/L2:0 G17:L1/L2:0 G19:L1/L2:0 G20:L1/L2:0 G22:L1/L2:0 G23:L1/L2:0 G24:L1/L2:0 G30:L1/L2:0,0.0326,6.5871,3924697.5525,301125.1821,5001905.4429
0.0608,5.2980,-0.1887,4200.0,15,0.1995,0.1900,E04 E06 E09 E15 E19 E21 E23 E28 E31 E34 E36 G01 G02 G10 G12 G14 G15 G17 G19 G20 G22 G23 G24,3,0.0227,23,0.1475,True,has,DLF1,ok,2026-07-08 20:43:00 GPST,333780.0,0.0608,2,G19 G30,21,E04 E06 E09 E11 E19 E21 E23 E27 E28 E31 E36 G05 G10 G12 G14 G15 G17 G20 G22 G23 G24,E04:E1/E5a:0 E06:E1/E5a:0 E09:E1/E5a:0 E11:E1/E5a:0 E19:E1/E5a:0 E21:E1/E5a:0 E23:E1/E5a:0 E27:E1/E5a:0 E28:E1/E5a:0 E31:E1/E5a:0 E36:E1/E5a:0 G05:L1/L2:0 G10:L1/L2:0 G12:L1/L2:0 G14:L1/L2:0 G15:L1/L2:0 G17:L1/L2:0 G19:L1/L2:0 G20:L1/L2:0 G22:L1/L2:0 G23:L1/L2:0 G24:L1/L2:0 G30:L1/L2:0,0.0608,6.4634,3924697.5745,301125.1953,5001905.4607
0.0844,5.2927,-0.1820,4500.0,16,0.2015,0.1830,E04 E06 E09 E15 E19 E21 E23 E28 E31 E34 E36 G01 G02 G10 G12 G14 G15 G17 G19 G20 G22 G23 G24,3,0.0186,23,0.1451,True,has,DLF1,ok,2026-07-08 20:48:00 GPST,334080.0,0.0844,2,G19 G30,21,E04 E06 E09 E11 E19 E21 E23 E27 E28 E31 E36 G05 G10 G12 G14 G15 G17 G20 G22 G23 G24,E04:E1/E5a:0 E06:E1/E5a:0 E09:E1/E5a:0 E11:E1/E5a:0 E19:E1/E5a:0 E21:E1/E5a:0 E23:E1/E5a:0 E27:E1/E5a:0 E28:E1/E5a:0 E31:E1/E5a:0 E36:E1/E5a:0 G05:L1/L2:0 G10:L1/L2:0 G12:L1/L2:0 G14:L1/L2:0 G15:L1/L2:0 G17:L1/L2:0 G19:L1/L2:0 G20:L1/L2:0 G22:L1/L2:0 G23:L1/L2:0 G24:L1/L2:0 G30:L1/L2:0,0.0844,6.3508,3924697.5917,301125.2033,5001905.4768
0.0701,5.2653,-0.2265,4800.0,17,0.2413,0.2309,E04 E06 E09 E15 E19 E21 E23 E28 E31 E34 G01 G02 G10 G12 G14 G15 G17 G19 G20 G22 G23 G24,3,0.0447,22,0.1823,True,has,DLF1,ok,2026-07-08 20:53:00 GPST,334380.0,0.0701,1,G30,22,E04 E06 E09 E11 E19 E21 E23 E27 E28 E31 E36 G05 G10 G12 G14 G15 G17 G19 G20 G22 G23 G24,E04:E1/E5a:0 E06:E1/E5a:0 E09:E1/E5a:0 E11:E1/E5a:0 E19:E1/E5a:0 E21:E1/E5a:0 E23:E1/E5a:0 E27:E1/E5a:0 E28:E1/E5a:0 E31:E1/E5a:0 E36:E1/E5a:0 G05:L1/L2:0 G10:L1/L2:0 G12:L1/L2:0 G14:L1/L2:0 G15:L1/L2:0 G17:L1/L2:0 G19:L1/L2:0 G20:L1/L2:0 G22:L1/L2:0 G23:L1/L2:0 G24:L1/L2:0 G30:L1/L2:0,0.0701,7.4235,3924697.5658,301125.1566,5001905.4816
0.0618,5.2505,-0.2612,5100.0,18,0.2760,0.2690,E04 E06 E09 E15 E19 E21 E23 E28 E31 E34 G01 G02 G10 G12 G14 G15 G17 G19 G20 G22 G23 G24,3,0.0643,22,0.2067,True,has,DLF1,ok,2026-07-08 20:58:00 GPST,334680.0,0.0618,1,G30,22,E04 E06 E09 E11 E19 E21 E23 E27 E28 E31 E36 G05 G10 G12 G14 G15 G17 G19 G20 G22 G23 G24,E04:E1/E5a:0 E06:E1/E5a:0 E09:E1/E5a:0 E11:E1/E5a:0 E19:E1/E5a:0 E21:E1/E5a:0 E23:E1/E5a:0 E27:E1/E5a:0 E28:E1/E5a:0 E31:E1/E5a:0 E36:E1/E5a:0 G05:L1/L2:0 G10:L1/L2:0 G12:L1/L2:0 G14:L1/L2:0 G15:L1/L2:0 G17:L1/L2:0 G19:L1/L2:0 G20:L1/L2:0 G22:L1/L2:0 G23:L1/L2:0 G24:L1/L2:0 G30:L1/L2:0,0.0618,8.0359,3924697.5480,301125.1205,5001905.4872
0.0607,5.2238,-0.2878,5400.0,19,0.3046,0.2985,E04 E06 E09 E15 E19 E21 E23 E28 E31 E34 G01 G02 G10 G12 G14 G15 G17 G19 G20 G22 G23 G24,3,0.0792,22,0.2240,True,has,DLF1,ok,2026-07-08 21:03:00 GPST,334980.0,0.0607,1,G30,22,E04 E06 E09 E11 E19 E21 E23 E27 E28 E31 E36 G05 G10 G12 G14 G15 G17 G19 G20 G22 G23 G24,E04:E1/E5a:0 E06:E1/E5a:0 E09:E1/E5a:0 E11:E1/E5a:0 E19:E1/E5a:0 E21:E1/E5a:0 E23:E1/E5a:0 E27:E1/E5a:0 E28:E1/E5a:0 E31:E1/E5a:0 E36:E1/E5a:0 G05:L1/L2:0 G10:L1/L2:0 G12:L1/L2:0 G14:L1/L2:0 G15:L1/L2:0 G17:L1/L2:0 G19:L1/L2:0 G20:L1/L2:0 G22:L1/L2:0 G23:L1/L2:0 G24:L1/L2:0 G30:L1/L2:0,0.0607,8.4121,3924697.5377,301125.0930,5001905.4955
,,,0.0,1,,,E04 E06 E09 E10 E11 E19 E21 E23 E27 E28 E29 E34 E36 G05 G10 G14 G15 G17 G18 G19 G20 G21 G22 G23 G24 G30,,,26,,,igs,DLF1,skipped_min_epochs,2026-07-08 19:33:00 GPST,329580.0,,,,,,,,,,,
,,,300.0,2,,,E04 E06 E09 E10 E11 E19 E21 E23 E27 E28 E29 E34 E36 G05 G10 G14 G15 G17 G19 G20 G22 G23 G24 G30,,,24,,,igs,DLF1,skipped_min_epochs,2026-07-08 19:38:00 GPST,329880.0,,,,,,,,,,,
0.4915,3.8771,-2.9473,600.0,3,2.9910,2.9504,E04 E06 E09 E11 E19 E21 E23 E27 E28 E29 E31 E34 E36 G05 G10 G14 G15 G17 G19 G20 G22 G23 G24 G30,2,-0.1335,24,0.1962,True,igs,DLF1,ok,2026-07-08 19:43:00 GPST,330180.0,0.4915,0,,19,E04 E06 E09 E11 E19 E21 E23 E27 E28 E36 G05 G14 G15 G17 G20 G22 G23 G24 G30,E04:E1/E5a:0 E06:E1/E5a:0 E09:E1/E5a:0 E11:E1/E5a:0 E19:E1/E5a:0 E21:E1/E5a:0 E23:E1/E5a:0 E27:E1/E5a:0 E28:E1/E5a:0 E36:E1/E5a:0 G05:L1/L2:0 G14:L1/L2:0 G15:L1/L2:0 G17:L1/L2:0 G20:L1/L2:0 G22:L1/L2:0 G23:L1/L2:0 G24:L1/L2:0 G30:L1/L2:0,0.4915,7.0960,3924698.1727,301122.4744,5001905.7038
0.2213,3.6502,-2.0881,900.0,4,2.1054,2.0938,E04 E06 E09 E11 E19 E21 E23 E27 E28 E29 E31 E34 E36 G05 G10 G12 G14 G15 G17 G19 G20 G22 G23 G24 G30,2,-0.1542,25,0.1797,True,igs,DLF1,ok,2026-07-08 19:48:00 GPST,330480.0,0.2213,0,,20,E04 E06 E09 E11 E19 E21 E23 E27 E28 E36 G05 G10 G14 G15 G17 G20 G22 G23 G24 G30,E04:E1/E5a:0 E06:E1/E5a:0 E09:E1/E5a:0 E11:E1/E5a:0 E19:E1/E5a:0 E21:E1/E5a:0 E23:E1/E5a:0 E27:E1/E5a:0 E28:E1/E5a:0 E36:E1/E5a:0 G05:L1/L2:0 G10:L1/L2:0 G14:L1/L2:0 G15:L1/L2:0 G17:L1/L2:0 G20:L1/L2:0 G22:L1/L2:0 G23:L1/L2:0 G24:L1/L2:0 G30:L1/L2:0,0.2213,6.5501,3924697.9573,301123.3197,5001905.4783
0.0464,3.5940,-1.4695,1200.0,5,1.4817,1.4810,E04 E06 E09 E11 E19 E21 E23 E27 E28 E29 E31 E34 E36 G02 G05 G10 G12 G14 G15 G17 G19 G20 G22 G23 G24 G30,2,-0.1838,26,0.1661,True,igs,DLF1,ok,2026-07-08 19:53:00 GPST,330780.0,-0.0464,0,,21,E04 E06 E09 E11 E19 E21 E23 E27 E28 E36 G05 G10 G14 G15 G17 G19 G20 G22 G23 G24 G30,E04:E1/E5a:0 E06:E1/E5a:0 E09:E1/E5a:0 E11:E1/E5a:0 E19:E1/E5a:0 E21:E1/E5a:0 E23:E1/E5a:0 E27:E1/E5a:0 E28:E1/E5a:0 E36:E1/E5a:0 G05:L1/L2:0 G10:L1/L2:0 G14:L1/L2:0 G15:L1/L2:0 G17:L1/L2:0 G19:L1/L2:0 G20:L1/L2:0 G22:L1/L2:0 G23:L1/L2:0 G24:L1/L2:0 G30:L1/L2:0,-0.0464,6.1155,3924697.7689,301123.9256,5001905.2491
0.0730,3.5320,-1.0498,1500.0,6,1.0656,1.0631,E04 E06 E09 E11 E19 E21 E23 E27 E28 E29 E31 E34 E36 G02 G05 G10 G12 G14 G15 G17 G19 G20 G22 G23 G24 G30,3,-0.1680,26,0.1548,True,igs,DLF1,ok,2026-07-08 19:58:00 GPST,331080.0,-0.0730,0,,21,E04 E06 E09 E11 E19 E21 E23 E27 E28 E36 G05 G10 G14 G15 G17 G19 G20 G22 G23 G24 G30,E04:E1/E5a:0 E06:E1/E5a:0 E09:E1/E5a:0 E11:E1/E5a:0 E19:E1/E5a:0 E21:E1/E5a:0 E23:E1/E5a:0 E27:E1/E5a:0 E28:E1/E5a:0 E36:E1/E5a:0 G05:L1/L2:0 G10:L1/L2:0 G14:L1/L2:0 G15:L1/L2:0 G17:L1/L2:0 G19:L1/L2:0 G20:L1/L2:0 G22:L1/L2:0 G23:L1/L2:0 G24:L1/L2:0 G30:L1/L2:0,-0.0730,5.7391,3924697.7081,301124.3419,5001905.2379
0.0785,3.5536,-0.7802,1800.0,7,0.7947,0.7908,E04 E06 E09 E11 E19 E21 E23 E27 E28 E29 E31 E34 E36 G02 G05 G10 G12 G14 G15 G17 G19 G20 G22 G23 G24 G30,3,-0.1290,26,0.1460,True,igs,DLF1,ok,2026-07-08 20:03:00 GPST,331380.0,-0.0785,0,,21,E04 E06 E09 E11 E19 E21 E23 E27 E28 E36 G05 G10 G14 G15 G17 G19 G20 G22 G23 G24 G30,E04:E1/E5a:0 E06:E1/E5a:0 E09:E1/E5a:0 E11:E1/E5a:0 E19:E1/E5a:0 E21:E1/E5a:0 E23:E1/E5a:0 E27:E1/E5a:0 E28:E1/E5a:0 E36:E1/E5a:0 G05:L1/L2:0 G10:L1/L2:0 G14:L1/L2:0 G15:L1/L2:0 G17:L1/L2:0 G19:L1/L2:0 G20:L1/L2:0 G22:L1/L2:0 G23:L1/L2:0 G24:L1/L2:0 G30:L1/L2:0,-0.0785,5.4436,3924697.6534,301124.6080,5001905.2576
0.0874,3.5433,-0.5877,2100.0,8,0.6021,0.5957,E04 E06 E09 E19 E21 E23 E27 E28 E31 E34 E36 G02 G05 G10 G12 G14 G15 G17 G19 G20 G22 G23 G24 G30,3,-0.0975,24,0.1383,True,igs,DLF1,ok,2026-07-08 20:08:00 GPST,331680.0,-0.0874,0,,22,E04 E06 E09 E11 E19 E21 E23 E27 E28 E31 E36 G05 G10 G14 G15 G17 G19 G20 G22 G23 G24 G30,E04:E1/E5a:0 E06:E1/E5a:0 E09:E1/E5a:0 E11:E1/E5a:0 E19:E1/E5a:0 E21:E1/E5a:0 E23:E1/E5a:0 E27:E1/E5a:0 E28:E1/E5a:0 E31:E1/E5a:0 E36:E1/E5a:0 G05:L1/L2:0 G10:L1/L2:0 G14:L1/L2:0 G15:L1/L2:0 G17:L1/L2:0 G19:L1/L2:0 G20:L1/L2:0 G22:L1/L2:0 G23:L1/L2:0 G24:L1/L2:0 G30:L1/L2:0,-0.0874,5.1922,3924697.6085,301124.7977,5001905.2699
0.0816,3.5480,-0.4560,2400.0,9,0.4699,0.4628,E04 E06 E09 E19 E21 E23 E27 E28 E31 E34 E36 G02 G05 G10 G12 G14 G15 G17 G19 G20 G22 G23 G24 G30,3,-0.0786,24,0.1316,True,igs,DLF1,ok,2026-07-08 20:13:00 GPST,331980.0,-0.0816,0,,23,E04 E06 E09 E11 E19 E21 E23 E27 E28 E31 E36 G05 G10 G12 G14 G15 G17 G19 G20 G22 G23 G24 G30,E04:E1/E5a:0 E06:E1/E5a:0 E09:E1/E5a:0 E11:E1/E5a:0 E19:E1/E5a:0 E21:E1/E5a:0 E23:E1/E5a:0 E27:E1/E5a:0 E28:E1/E5a:0 E31:E1/E5a:0 E36:E1/E5a:0 G05:L1/L2:0 G10:L1/L2:0 G12:L1/L2:0 G14:L1/L2:0 G15:L1/L2:0 G17:L1/L2:0 G19:L1/L2:0 G20:L1/L2:0 G22:L1/L2:0 G23:L1/L2:0 G24:L1/L2:0 G30:L1/L2:0,-0.0816,4.9730,3924697.5872,301124.9281,5001905.2862
0.0676,3.5568,-0.3678,2700.0,10,0.3798,0.3738,E04 E06 E09 E19 E21 E23 E27 E28 E31 E34 E36 G02 G05 G10 G12 G14 G15 G17 G19 G20 G22 G23 G24 G30,3,-0.0665,24,0.1258,True,igs,DLF1,ok,2026-07-08 20:18:00 GPST,332280.0,-0.0676,0,,23,E04 E06 E09 E11 E19 E21 E23 E27 E28 E31 E36 G05 G10 G12 G14 G15 G17 G19 G20 G22 G23 G24 G30,E04:E1/E5a:0 E06:E1/E5a:0 E09:E1/E5a:0 E11:E1/E5a:0 E19:E1/E5a:0 E21:E1/E5a:0 E23:E1/E5a:0 E27:E1/E5a:0 E28:E1/E5a:0 E31:E1/E5a:0 E36:E1/E5a:0 G05:L1/L2:0 G10:L1/L2:0 G12:L1/L2:0 G14:L1/L2:0 G15:L1/L2:0 G17:L1/L2:0 G19:L1/L2:0 G20:L1/L2:0 G22:L1/L2:0 G23:L1/L2:0 G24:L1/L2:0 G30:L1/L2:0,-0.0676,4.7828,3924697.5795,301125.0160,5001905.3046
0.0422,3.5672,-0.3131,3000.0,11,0.3192,0.3164,E04 E06 E09 E19 E21 E23 E27 E28 E31 E34 E36 G02 G05 G10 G12 G14 G15 G17 G19 G20 G22 G23 G24 G30,3,-0.0457,24,0.1207,True,igs,DLF1,ok,2026-07-08 20:23:00 GPST,332580.0,-0.0422,0,,23,E04 E06 E09 E11 E19 E21 E23 E27 E28 E31 E36 G05 G10 G12 G14 G15 G17 G19 G20 G22 G23 G24 G30,E04:E1/E5a:0 E06:E1/E5a:0 E09:E1/E5a:0 E11:E1/E5a:0 E19:E1/E5a:0 E21:E1/E5a:0 E23:E1/E5a:0 E27:E1/E5a:0 E28:E1/E5a:0 E31:E1/E5a:0 E36:E1/E5a:0 G05:L1/L2:0 G10:L1/L2:0 G12:L1/L2:0 G14:L1/L2:0 G15:L1/L2:0 G17:L1/L2:0 G19:L1/L2:0 G20:L1/L2:0 G22:L1/L2:0 G23:L1/L2:0 G24:L1/L2:0 G30:L1/L2:0,-0.0422,4.6123,3924697.5745,301125.0705,5001905.3375
0.0043,3.5841,-0.2760,3300.0,12,0.2791,0.2790,E04 E06 E09 E19 E21 E23 E27 E28 E31 E34 E36 G02 G10 G12 G14 G15 G17 G19 G20 G22 G23 G24 G30,3,-0.0408,23,0.1163,True,igs,DLF1,ok,2026-07-08 20:28:00 GPST,332880.0,-0.0043,0,,23,E04 E06 E09 E11 E19 E21 E23 E27 E28 E31 E36 G05 G10 G12 G14 G15 G17 G19 G20 G22 G23 G24 G30,E04:E1/E5a:0 E06:E1/E5a:0 E09:E1/E5a:0 E11:E1/E5a:0 E19:E1/E5a:0 E21:E1/E5a:0 E23:E1/E5a:0 E27:E1/E5a:0 E28:E1/E5a:0 E31:E1/E5a:0 E36:E1/E5a:0 G05:L1/L2:0 G10:L1/L2:0 G12:L1/L2:0 G14:L1/L2:0 G15:L1/L2:0 G17:L1/L2:0 G19:L1/L2:0 G20:L1/L2:0 G22:L1/L2:0 G23:L1/L2:0 G24:L1/L2:0 G30:L1/L2:0,-0.0043,4.4692,3924697.5911,301125.1089,5001905.3704
0.0725,3.5874,-0.2451,3600.0,13,0.2618,0.2516,E04 E06 E09 E19 E21 E23 E28 E31 E34 E36 G02 G10 G12 G14 G15 G17 G19 G20 G22 G23 G24 G30,3,-0.0566,22,0.1148,True,igs,DLF1,ok,2026-07-08 20:33:00 GPST,333180.0,-0.0725,1,G20,22,E04 E06 E09 E11 E19 E21 E23 E27 E28 E31 E36 G05 G10 G12 G14 G15 G17 G19 G22 G23 G24 G30,E04:E1/E5a:0 E06:E1/E5a:0 E09:E1/E5a:0 E11:E1/E5a:0 E19:E1/E5a:0 E21:E1/E5a:0 E23:E1/E5a:0 E27:E1/E5a:0 E28:E1/E5a:0 E31:E1/E5a:0 E36:E1/E5a:0 G05:L1/L2:0 G10:L1/L2:0 G12:L1/L2:0 G14:L1/L2:0 G15:L1/L2:0 G17:L1/L2:0 G19:L1/L2:0 G20:L1/L2:0 G22:L1/L2:0 G23:L1/L2:0 G24:L1/L2:0 G30:L1/L2:0,-0.0725,4.4954,3924697.5593,301125.1375,5001905.3069
0.1141,3.6023,-0.2136,3900.0,14,0.2502,0.2227,E04 E06 E09 E19 E21 E23 E28 E31 E34 E36 G02 G10 G12 G14 G15 G17 G19 G20 G22 G23 G24,3,-0.0630,21,0.1135,True,igs,DLF1,ok,2026-07-08 20:38:00 GPST,333480.0,-0.1141,1,G20,22,E04 E06 E09 E11 E19 E21 E23 E27 E28 E31 E36 G05 G10 G12 G14 G15 G17 G19 G22 G23 G24 G30,E04:E1/E5a:0 E06:E1/E5a:0 E09:E1/E5a:0 E11:E1/E5a:0 E19:E1/E5a:0 E21:E1/E5a:0 E23:E1/E5a:0 E27:E1/E5a:0 E28:E1/E5a:0 E31:E1/E5a:0 E36:E1/E5a:0 G05:L1/L2:0 G10:L1/L2:0 G12:L1/L2:0 G14:L1/L2:0 G15:L1/L2:0 G17:L1/L2:0 G19:L1/L2:0 G20:L1/L2:0 G22:L1/L2:0 G23:L1/L2:0 G24:L1/L2:0 G30:L1/L2:0,-0.1141,4.5122,3924697.5364,301125.1673,5001905.2702
0.1393,3.6126,-0.1924,4200.0,15,0.2472,0.2042,E04 E06 E09 E15 E19 E21 E23 E28 E31 E34 E36 G01 G02 G10 G12 G14 G15 G17 G19 G20 G22 G23 G24,3,-0.0684,23,0.1126,True,igs,DLF1,ok,2026-07-08 20:43:00 GPST,333780.0,-0.1393,1,G20,22,E04 E06 E09 E11 E19 E21 E23 E27 E28 E31 E36 G05 G10 G12 G14 G15 G17 G19 G22 G23 G24 G30,E04:E1/E5a:0 E06:E1/E5a:0 E09:E1/E5a:0 E11:E1/E5a:0 E19:E1/E5a:0 E21:E1/E5a:0 E23:E1/E5a:0 E27:E1/E5a:0 E28:E1/E5a:0 E31:E1/E5a:0 E36:E1/E5a:0 G05:L1/L2:0 G10:L1/L2:0 G12:L1/L2:0 G14:L1/L2:0 G15:L1/L2:0 G17:L1/L2:0 G19:L1/L2:0 G20:L1/L2:0 G22:L1/L2:0 G23:L1/L2:0 G24:L1/L2:0 G30:L1/L2:0,-0.1393,4.5318,3924697.5235,301125.1876,5001905.2471
0.1541,3.6167,-0.1730,4500.0,16,0.2419,0.1865,E04 E06 E09 E15 E19 E21 E23 E28 E31 E34 E36 G01 G02 G10 G12 G14 G15 G17 G19 G20 G22 G23 G24,3,-0.0694,23,0.1118,True,igs,DLF1,ok,2026-07-08 20:48:00 GPST,334080.0,-0.1541,1,G20,22,E04 E06 E09 E11 E19 E21 E23 E27 E28 E31 E36 G05 G10 G12 G14 G15 G17 G19 G22 G23 G24 G30,E04:E1/E5a:0 E06:E1/E5a:0 E09:E1/E5a:0 E11:E1/E5a:0 E19:E1/E5a:0 E21:E1/E5a:0 E23:E1/E5a:0 E27:E1/E5a:0 E28:E1/E5a:0 E31:E1/E5a:0 E36:E1/E5a:0 G05:L1/L2:0 G10:L1/L2:0 G12:L1/L2:0 G14:L1/L2:0 G15:L1/L2:0 G17:L1/L2:0 G19:L1/L2:0 G20:L1/L2:0 G22:L1/L2:0 G23:L1/L2:0 G24:L1/L2:0 G30:L1/L2:0,-0.1541,4.5309,3924697.5138,301125.2063,5001905.2347
0.1611,3.6213,-0.1539,4800.0,17,0.2330,0.1683,E04 E06 E09 E15 E19 E21 E23 E28 E31 E34 G01 G02 G10 G12 G14 G15 G17 G19 G20 G22 G23 G24,3,-0.0682,22,0.1110,True,igs,DLF1,ok,2026-07-08 20:53:00 GPST,334380.0,-0.1611,1,G20,22,E04 E06 E09 E11 E19 E21 E23 E27 E28 E31 E36 G05 G10 G12 G14 G15 G17 G19 G22 G23 G24 G30,E04:E1/E5a:0 E06:E1/E5a:0 E09:E1/E5a:0 E11:E1/E5a:0 E19:E1/E5a:0 E21:E1/E5a:0 E23:E1/E5a:0 E27:E1/E5a:0 E28:E1/E5a:0 E31:E1/E5a:0 E36:E1/E5a:0 G05:L1/L2:0 G10:L1/L2:0 G12:L1/L2:0 G14:L1/L2:0 G15:L1/L2:0 G17:L1/L2:0 G19:L1/L2:0 G20:L1/L2:0 G22:L1/L2:0 G23:L1/L2:0 G24:L1/L2:0 G30:L1/L2:0,-0.1611,4.5234,3924697.5070,301125.2250,5001905.2299
0.1634,3.6302,-0.1378,5100.0,18,0.2237,0.1527,E04 E06 E09 E15 E19 E21 E23 E28 E31 E34 G01 G02 G10 G12 G14 G15 G17 G19 G20 G22 G23 G24,3,-0.0659,22,0.1106,True,igs,DLF1,ok,2026-07-08 20:58:00 GPST,334680.0,-0.1634,1,G20,22,E04 E06 E09 E11 E19 E21 E23 E27 E28 E31 E36 G05 G10 G12 G14 G15 G17 G19 G22 G23 G24 G30,E04:E1/E5a:0 E06:E1/E5a:0 E09:E1/E5a:0 E11:E1/E5a:0 E19:E1/E5a:0 E21:E1/E5a:0 E23:E1/E5a:0 E27:E1/E5a:0 E28:E1/E5a:0 E31:E1/E5a:0 E36:E1/E5a:0 G05:L1/L2:0 G10:L1/L2:0 G12:L1/L2:0 G14:L1/L2:0 G15:L1/L2:0 G17:L1/L2:0 G19:L1/L2:0 G20:L1/L2:0 G22:L1/L2:0 G23:L1/L2:0 G24:L1/L2:0 G30:L1/L2:0,-0.1634,4.5147,3924697.5025,301125.2408,5001905.2296
0.1461,3.6398,-0.1242,5400.0,19,0.2009,0.1378,E04 E06 E09 E15 E19 E21 E23 E28 E31 E34 G01 G02 G10 G12 G14 G15 G17 G19 G20 G22 G23 G24,3,-0.0597,22,0.1086,True,igs,DLF1,ok,2026-07-08 21:03:00 GPST,334980.0,-0.1461,1,G20,22,E04 E06 E09 E11 E19 E21 E23 E27 E28 E31 E36 G05 G10 G12 G14 G15 G17 G19 G22 G23 G24 G30,E04:E1/E5a:0 E06:E1/E5a:0 E09:E1/E5a:0 E11:E1/E5a:0 E19:E1/E5a:0 E21:E1/E5a:0 E23:E1/E5a:0 E27:E1/E5a:0 E28:E1/E5a:0 E31:E1/E5a:0 E36:E1/E5a:0 G05:L1/L2:0 G10:L1/L2:0 G12:L1/L2:0 G14:L1/L2:0 G15:L1/L2:0 G17:L1/L2:0 G19:L1/L2:0 G20:L1/L2:0 G22:L1/L2:0 G23:L1/L2:0 G24:L1/L2:0 G30:L1/L2:0,-0.1461,4.4429,3924697.5073,301125.2548,5001905.2470
,,,0.0,1,,,G05 G14 G15 G17 G19 G20 G21 G22 G23 G24 G30,,,11,,,broadcast,DYNG,skipped_min_epochs,2026-07-08 19:33:00 GPST,329580.0,,,,,,,,,,,
,,,300.0,2,,,G05 G14 G15 G17 G19 G20 G21 G22 G23 G24 G30,,,11,,,broadcast,DYNG,skipped_min_epochs,2026-07-08 19:38:00 GPST,329880.0,,,,,,,,,,,
1.5070,2.3662,-0.5503,600.0,3,1.7842,0.9551,G05 G14 G15 G17 G19 G20 G21 G22 G23 G24 G30,3,-0.7807,11,0.0265,True,broadcast,DYNG,ok,2026-07-08 19:43:00 GPST,330180.0,1.5070,0,,0,,G05:L1/L2:0 G14:L1/L2:0 G15:L1/L2:0 G17:L1/L2:0 G19:L1/L2:0 G20:L1/L2:0 G21:L1/L2:0 G22:L1/L2:0 G23:L1/L2:0 G24:L1/L2:0 G30:L1/L2:0,1.5070,1.3356,4595221.8163,2039434.4265,3912626.1638
1.1303,2.3979,-1.1709,900.0,4,1.9147,1.5455,G05 G14 G15 G17 G19 G20 G22 G23 G24 G30,3,-1.0087,10,0.0343,True,broadcast,DYNG,ok,2026-07-08 19:48:00 GPST,330480.0,1.1303,0,,0,,G05:L1/L2:0 G14:L1/L2:0 G15:L1/L2:0 G17:L1/L2:0 G19:L1/L2:0 G20:L1/L2:0 G21:L1/L2:0 G22:L1/L2:0 G23:L1/L2:0 G24:L1/L2:0 G30:L1/L2:0,1.1303,1.5849,4595221.9256,2039433.7960,3912625.7520
1.1273,2.4001,-0.9805,1200.0,5,1.7852,1.3843,G05 G14 G15 G17 G19 G20 G22 G23 G24 G30,3,-0.9772,10,0.0419,True,broadcast,DYNG,ok,2026-07-08 19:53:00 GPST,330780.0,1.1273,0,,0,,G05:L1/L2:0 G14:L1/L2:0 G15:L1/L2:0 G17:L1/L2:0 G19:L1/L2:0 G20:L1/L2:0 G21:L1/L2:0 G22:L1/L2:0 G23:L1/L2:0 G24:L1/L2:0 G30:L1/L2:0,1.1273,1.7395,4595221.8283,2039433.9612,3912625.7750
1.3075,2.3773,-1.2891,1500.0,6,2.0040,1.5187,G05 G12 G14 G15 G17 G19 G20 G22 G23 G24 G30,3,-0.8029,11,0.0511,True,broadcast,DYNG,ok,2026-07-08 19:58:00 GPST,331080.0,1.3075,0,,0,,G05:L1/L2:0 G14:L1/L2:0 G15:L1/L2:0 G17:L1/L2:0 G19:L1/L2:0 G20:L1/L2:0 G21:L1/L2:0 G22:L1/L2:0 G23:L1/L2:0 G24:L1/L2:0 G30:L1/L2:0,1.3075,2.2256,4595221.9849,2039433.6930,3912626.0233
1.4198,2.3069,-1.1091,1800.0,7,1.9445,1.3287,G05 G12 G14 G15 G17 G19 G20 G22 G23 G24 G30,3,-0.7316,11,0.0611,True,broadcast,DYNG,ok,2026-07-08 20:03:00 GPST,331380.0,1.4198,0,,0,,G05:L1/L2:0 G14:L1/L2:0 G15:L1/L2:0 G17:L1/L2:0 G19:L1/L2:0 G20:L1/L2:0 G21:L1/L2:0 G22:L1/L2:0 G23:L1/L2:0 G24:L1/L2:0 G30:L1/L2:0,1.4198,2.8022,4595221.9526,2039433.8756,3912626.1487
1.5815,2.3184,-0.9479,2100.0,8,1.9724,1.1787,G05 G12 G14 G15 G17 G19 G20 G22 G23 G24 G30,3,-0.7006,11,0.0637,True,broadcast,DYNG,ok,2026-07-08 20:08:00 GPST,331680.0,1.5815,0,,0,,G05:L1/L2:0 G12:L1/L2:0 G14:L1/L2:0 G15:L1/L2:0 G17:L1/L2:0 G19:L1/L2:0 G20:L1/L2:0 G21:L1/L2:0 G22:L1/L2:0 G23:L1/L2:0 G24:L1/L2:0 G30:L1/L2:0,1.5815,3.0027,4595221.9860,2039434.0668,3912626.2728
1.7901,2.2930,-0.7275,2400.0,9,2.0510,1.0011,G05 G12 G14 G15 G17 G19 G20 G22 G23 G24 G30,3,-0.6877,11,0.0699,True,broadcast,DYNG,ok,2026-07-08 20:13:00 GPST,331980.0,1.7901,0,,0,,G05:L1/L2:0 G12:L1/L2:0 G14:L1/L2:0 G15:L1/L2:0 G17:L1/L2:0 G19:L1/L2:0 G20:L1/L2:0 G21:L1/L2:0 G22:L1/L2:0 G23:L1/L2:0 G24:L1/L2:0 G30:L1/L2:0,1.7901,3.4181,4595222.0394,2039434.3317,3912626.4116
1.8545,2.2863,-0.5083,2700.0,10,2.0257,0.8150,G05 G12 G14 G15 G17 G19 G20 G22 G23 G24 G30,3,-0.6371,11,0.0800,True,broadcast,DYNG,ok,2026-07-08 20:18:00 GPST,332280.0,1.8545,0,,0,,G05:L1/L2:0 G12:L1/L2:0 G14:L1/L2:0 G15:L1/L2:0 G17:L1/L2:0 G19:L1/L2:0 G20:L1/L2:0 G21:L1/L2:0 G22:L1/L2:0 G23:L1/L2:0 G24:L1/L2:0 G30:L1/L2:0,1.8545,3.9987,4595221.9683,2039434.5399,3912626.4912
1.8808,2.2881,-0.4051,3000.0,11,2.0050,0.6947,G05 G10 G12 G14 G15 G17 G19 G20 G22 G23 G24 G30,2,-0.5644,12,0.0858,True,broadcast,DYNG,ok,2026-07-08 20:23:00 GPST,332580.0,1.8808,0,,0,,G05:L1/L2:0 G12:L1/L2:0 G14:L1/L2:0 G15:L1/L2:0 G17:L1/L2:0 G19:L1/L2:0 G20:L1/L2:0 G21:L1/L2:0 G22:L1/L2:0 G23:L1/L2:0 G24:L1/L2:0 G30:L1/L2:0,1.8808,4.3374,4595221.9044,2039434.6244,3912626.5647
1.9023,2.2900,-0.4371,3300.0,12,2.0151,0.6648,G10 G12 G14 G15 G17 G19 G20 G22 G23 G24 G30,2,-0.5008,11,0.0923,True,broadcast,DYNG,ok,2026-07-08 20:28:00 GPST,332880.0,1.9023,0,,0,,G05:L1/L2:0 G12:L1/L2:0 G14:L1/L2:0 G15:L1/L2:0 G17:L1/L2:0 G19:L1/L2:0 G20:L1/L2:0 G21:L1/L2:0 G22:L1/L2:0 G23:L1/L2:0 G24:L1/L2:0 G30:L1/L2:0,1.9023,4.6675,4595221.8970,2039434.5861,3912626.6279
1.8113,2.2849,-0.4453,3600.0,13,1.9204,0.6380,G10 G12 G14 G15 G17 G19 G20 G22 G23 G24 G30,2,-0.4569,11,0.0982,True,broadcast,DYNG,ok,2026-07-08 20:33:00 GPST,333180.0,1.8113,0,,0,,G05:L1/L2:0 G12:L1/L2:0 G14:L1/L2:0 G15:L1/L2:0 G17:L1/L2:0 G19:L1/L2:0 G20:L1/L2:0 G21:L1/L2:0 G22:L1/L2:0 G23:L1/L2:0 G24:L1/L2:0 G30:L1/L2:0,1.8113,4.9200,4595221.8101,2039434.5386,3912626.6064
1.7235,2.2798,-0.5070,3900.0,14,1.8466,0.6632,G10 G12 G14 G15 G17 G19 G20 G22 G23 G24 G30,2,-0.4275,11,0.1031,True,broadcast,DYNG,ok,2026-07-08 20:38:00 GPST,333480.0,1.7235,0,,0,,G05:L1/L2:0 G12:L1/L2:0 G14:L1/L2:0 G15:L1/L2:0 G17:L1/L2:0 G19:L1/L2:0 G20:L1/L2:0 G21:L1/L2:0 G22:L1/L2:0 G23:L1/L2:0 G24:L1/L2:0 G30:L1/L2:0,1.7235,5.0202,4595221.7554,2039434.4468,3912626.5753
1.6819,2.2861,-0.5097,4200.0,15,1.8033,0.6506,G10 G12 G14 G15 G17 G19 G20 G22 G23 G24 G30,2,-0.4044,11,0.1074,True,broadcast,DYNG,ok,2026-07-08 20:43:00 GPST,333780.0,1.6819,0,,0,,G05:L1/L2:0 G12:L1/L2:0 G14:L1/L2:0 G15:L1/L2:0 G17:L1/L2:0 G19:L1/L2:0 G20:L1/L2:0 G21:L1/L2:0 G22:L1/L2:0 G23:L1/L2:0 G24:L1/L2:0 G30:L1/L2:0,1.6819,5.1426,4595221.7135,2039434.4253,3912626.5679
1.6184,2.2932,-0.4899,4500.0,16,1.7322,0.6174,G10 G12 G14 G15 G17 G19 G20 G22 G23 G24 G30,2,-0.3758,11,0.1106,True,broadcast,DYNG,ok,2026-07-08 20:48:00 GPST,334080.0,1.6184,0,,0,,G05:L1/L2:0 G12:L1/L2:0 G14:L1/L2:0 G15:L1/L2:0 G17:L1/L2:0 G19:L1/L2:0 G20:L1/L2:0 G21:L1/L2:0 G22:L1/L2:0 G23:L1/L2:0 G24:L1/L2:0 G30:L1/L2:0,1.6184,5.2190,4595221.6437,2039434.4160,3912626.5513
1.5701,2.2749,-0.5559,4800.0,17,1.7000,0.6519,G10 G12 G14 G15 G17 G19 G20 G22 G23 G24 G30,2,-0.3404,11,0.1156,True,broadcast,DYNG,ok,2026-07-08 20:53:00 GPST,334380.0,1.5701,0,,0,,G05:L1/L2:0 G12:L1/L2:0 G14:L1/L2:0 G15:L1/L2:0 G17:L1/L2:0 G19:L1/L2:0 G20:L1/L2:0 G21:L1/L2:0 G22:L1/L2:0 G23:L1/L2:0 G24:L1/L2:0 G30:L1/L2:0,1.5701,5.2613,4595221.6158,2039434.3313,3912626.5493
1.5185,2.2723,-0.5898,5100.0,18,1.6588,0.6676,G06 G10 G12 G14 G15 G17 G19 G20 G22 G23 G24 G30,2,-0.3129,12,0.1196,True,broadcast,DYNG,ok,2026-07-08 20:58:00 GPST,334680.0,1.5185,0,,0,,G05:L1/L2:0 G12:L1/L2:0 G14:L1/L2:0 G15:L1/L2:0 G17:L1/L2:0 G19:L1/L2:0 G20:L1/L2:0 G21:L1/L2:0 G22:L1/L2:0 G23:L1/L2:0 G24:L1/L2:0 G30:L1/L2:0,1.5185,5.2560,4595221.5769,2039434.2770,3912626.5391
1.5597,2.2706,-0.2891,5400.0,19,1.6278,0.4660,G06 G10 G12 G14 G15 G17 G19 G20 G22 G23 G24 G30,2,-0.3655,12,0.1220,True,broadcast,DYNG,ok,2026-07-08 21:03:00 GPST,334980.0,1.5597,0,,0,,G05:L1/L2:0 G12:L1/L2:0 G14:L1/L2:0 G15:L1/L2:0 G17:L1/L2:0 G19:L1/L2:0 G20:L1/L2:0 G21:L1/L2:0 G22:L1/L2:0 G23:L1/L2:0 G24:L1/L2:0 G30:L1/L2:0,1.5597,5.5981,4595221.5142,2039434.5781,3912626.5232
,,,0.0,1,,,G05 G14 G15 G17 G19 G20 G21 G22 G23 G24 G30,,,11,,,has,DYNG,skipped_min_epochs,2026-07-08 19:33:00 GPST,329580.0,,,,,,,,,,,
,,,300.0,2,,,G05 G14 G15 G17 G19 G20 G21 G22 G23 G24 G30,,,11,,,has,DYNG,skipped_min_epochs,2026-07-08 19:38:00 GPST,329880.0,,,,,,,,,,,
4.4745,9.1490,5.5643,600.0,3,7.6913,6.2558,G05 G14 G15 G17 G19 G20 G21 G22 G23 G24 G30,3,-2.8590,11,0.2963,True,has,DYNG,ok,2026-07-08 19:43:00 GPST,330180.0,-4.4745,2,G17 G19,9,G05 G14 G15 G20 G21 G22 G23 G24 G30,G05:L1/L2:0 G14:L1/L2:0 G15:L1/L2:0 G17:L1/L2:0 G19:L1/L2:0 G20:L1/L2:0 G21:L1/L2:0 G22:L1/L2:0 G23:L1/L2:0 G24:L1/L2:0 G30:L1/L2:0,-4.4745,10.6876,4595216.2038,2039438.6253,3912620.8389
4.4876,8.1491,2.5965,900.0,4,5.6546,3.4403,G05 G14 G15 G17 G19 G20 G22 G23 G24 G30,3,-2.2569,10,0.2742,True,has,DYNG,ok,2026-07-08 19:48:00 GPST,330480.0,-4.4876,2,G17 G19,9,G05 G14 G15 G20 G21 G22 G23 G24 G30,G05:L1/L2:0 G14:L1/L2:0 G15:L1/L2:0 G17:L1/L2:0 G19:L1/L2:0 G20:L1/L2:0 G21:L1/L2:0 G22:L1/L2:0 G23:L1/L2:0 G24:L1/L2:0 G30:L1/L2:0,-4.4876,9.7992,4595217.0588,2039435.7578,3912621.3047
3.3049,7.7519,1.4612,1200.0,5,3.9786,2.2152,G05 G14 G15 G17 G19 G20 G22 G23 G24 G30,3,-1.6650,10,0.2483,True,has,DYNG,ok,2026-07-08 19:53:00 GPST,330780.0,-3.3049,2,G17 G19,9,G05 G14 G15 G20 G21 G22 G23 G24 G30,G05:L1/L2:0 G14:L1/L2:0 G15:L1/L2:0 G17:L1/L2:0 G19:L1/L2:0 G20:L1/L2:0 G21:L1/L2:0 G22:L1/L2:0 G23:L1/L2:0 G24:L1/L2:0 G30:L1/L2:0,-3.3049,9.1177,4595218.0367,2039434.9497,3912622.5001
2.0278,7.4736,0.5496,1500.0,6,2.4115,1.3051,G05 G12 G14 G15 G17 G19 G20 G22 G23 G24 G30,3,-1.1837,11,0.2257,True,has,DYNG,ok,2026-07-08 19:58:00 GPST,331080.0,-2.0278,2,G17 G19,9,G05 G14 G15 G20 G21 G22 G23 G24 G30,G05:L1/L2:0 G14:L1/L2:0 G15:L1/L2:0 G17:L1/L2:0 G19:L1/L2:0 G20:L1/L2:0 G21:L1/L2:0 G22:L1/L2:0 G23:L1/L2:0 G24:L1/L2:0 G30:L1/L2:0,-2.0278,8.6466,4595219.0540,2039434.4038,3912623.6665
0.9585,7.6362,1.8702,1800.0,7,2.3681,2.1654,G05 G12 G14 G15 G17 G19 G20 G22 G23 G24 G30,3,-1.0915,11,0.2043,True,has,DYNG,ok,2026-07-08 20:03:00 GPST,331380.0,-0.9585,1,G19,10,G05 G14 G15 G17 G20 G21 G22 G23 G24 G30,G05:L1/L2:0 G14:L1/L2:0 G15:L1/L2:0 G17:L1/L2:0 G19:L1/L2:0 G20:L1/L2:0 G21:L1/L2:0 G22:L1/L2:0 G23:L1/L2:0 G24:L1/L2:0 G30:L1/L2:0,-0.9585,8.2393,4595219.2357,2039435.9293,3912624.3986
0.2619,7.6717,2.3344,2100.0,8,2.5507,2.5372,G05 G12 G14 G15 G17 G19 G20 G22 G23 G24 G30,3,-0.9940,11,0.1881,True,has,DYNG,ok,2026-07-08 20:08:00 GPST,331680.0,-0.2619,1,G19,11,G05 G12 G14 G15 G17 G20 G21 G22 G23 G24 G30,G05:L1/L2:0 G12:L1/L2:0 G14:L1/L2:0 G15:L1/L2:0 G17:L1/L2:0 G19:L1/L2:0 G20:L1/L2:0 G21:L1/L2:0 G22:L1/L2:0 G23:L1/L2:0 G24:L1/L2:0 G30:L1/L2:0,-0.2619,7.8362,4595219.4936,2039436.5517,3912624.9050
0.3792,7.5945,2.4257,2400.0,9,2.6034,2.5756,G05 G12 G14 G15 G17 G19 G20 G22 G23 G24 G30,3,-0.8659,11,0.1785,True,has,DYNG,ok,2026-07-08 20:13:00 GPST,331980.0,0.3792,1,G19,11,G05 G12 G14 G15 G17 G20 G21 G22 G23 G24 G30,G05:L1/L2:0 G12:L1/L2:0 G14:L1/L2:0 G15:L1/L2:0 G17:L1/L2:0 G19:L1/L2:0 G20:L1/L2:0 G21:L1/L2:0 G22:L1/L2:0 G23:L1/L2:0 G24:L1/L2:0 G30:L1/L2:0,0.3792,7.5657,4595219.8456,2039436.8078,3912625.4012
0.9739,7.5501,2.3762,2700.0,10,2.6490,2.4635,G05 G12 G14 G15 G17 G19 G20 G22 G23 G24 G30,2,-0.6498,11,0.1772,True,has,DYNG,ok,2026-07-08 20:18:00 GPST,332280.0,0.9739,1,G19,11,G05 G12 G14 G15 G17 G20 G21 G22 G23 G24 G30,G05:L1/L2:0 G12:L1/L2:0 G14:L1/L2:0 G15:L1/L2:0 G17:L1/L2:0 G19:L1/L2:0 G20:L1/L2:0 G21:L1/L2:0 G22:L1/L2:0 G23:L1/L2:0 G24:L1/L2:0 G30:L1/L2:0,0.9739,7.7561,4595220.1718,2039436.8984,3912625.9380
1.3686,7.4867,2.1626,3000.0,11,2.6054,2.2170,G05 G10 G12 G14 G15 G17 G19 G20 G22 G23 G24 G30,2,-0.4882,12,0.1764,True,has,DYNG,ok,2026-07-08 20:23:00 GPST,332580.0,1.3686,1,G19,11,G05 G12 G14 G15 G17 G20 G21 G22 G23 G24 G30,G05:L1/L2:0 G12:L1/L2:0 G14:L1/L2:0 G15:L1/L2:0 G17:L1/L2:0 G19:L1/L2:0 G20:L1/L2:0 G21:L1/L2:0 G22:L1/L2:0 G23:L1/L2:0 G24:L1/L2:0 G30:L1/L2:0,1.3686,7.8766,4595220.4513,2039436.7887,3912626.3088
1.6189,7.4248,1.8793,3300.0,12,2.5090,1.9169,G10 G12 G14 G15 G17 G19 G20 G22 G23 G24 G30,2,-0.3774,11,0.1747,True,has,DYNG,ok,2026-07-08 20:28:00 GPST,332880.0,1.6189,1,G19,11,G05 G12 G14 G15 G17 G20 G21 G22 G23 G24 G30,G05:L1/L2:0 G12:L1/L2:0 G14:L1/L2:0 G15:L1/L2:0 G17:L1/L2:0 G19:L1/L2:0 G20:L1/L2:0 G21:L1/L2:0 G22:L1/L2:0 G23:L1/L2:0 G24:L1/L2:0 G30:L1/L2:0,1.6189,7.8851,4595220.6838,2039436.5820,3912626.5503
1.6687,7.3671,1.6359,3600.0,13,2.3586,1.6668,G10 G12 G14 G15 G17 G19 G20 G22 G23 G24 G30,2,-0.3198,11,0.1704,True,has,DYNG,ok,2026-07-08 20:33:00 GPST,333180.0,1.6687,2,G19 G30,10,G05 G12 G14 G15 G17 G20 G21 G22 G23 G24,G05:L1/L2:0 G12:L1/L2:0 G14:L1/L2:0 G15:L1/L2:0 G17:L1/L2:0 G19:L1/L2:0 G20:L1/L2:0 G21:L1/L2:0 G22:L1/L2:0 G23:L1/L2:0 G24:L1/L2:0 G30:L1/L2:0,1.6687,7.7379,4595220.7860,2039436.3610,3912626.6264
1.6935,7.3156,1.4014,3900.0,14,2.2151,1.4279,G10 G12 G14 G15 G17 G19 G20 G22 G23 G24 G30,2,-0.2736,11,0.1664,True,has,DYNG,ok,2026-07-08 20:38:00 GPST,333480.0,1.6935,2,G19 G30,10,G05 G12 G14 G15 G17 G20 G21 G22 G23 G24,G05:L1/L2:0 G12:L1/L2:0 G14:L1/L2:0 G15:L1/L2:0 G17:L1/L2:0 G19:L1/L2:0 G20:L1/L2:0 G21:L1/L2:0 G22:L1/L2:0 G23:L1/L2:0 G24:L1/L2:0 G30:L1/L2:0,1.6935,7.5983,4595220.8729,2039436.1431,3912626.6780
1.7243,7.2849,1.2092,4200.0,15,2.1194,1.2323,G10 G12 G14 G15 G17 G19 G20 G22 G23 G24 G30,2,-0.2373,11,0.1627,True,has,DYNG,ok,2026-07-08 20:43:00 GPST,333780.0,1.7243,2,G19 G30,10,G05 G12 G14 G15 G17 G20 G21 G22 G23 G24,G05:L1/L2:0 G12:L1/L2:0 G14:L1/L2:0 G15:L1/L2:0 G17:L1/L2:0 G19:L1/L2:0 G20:L1/L2:0 G21:L1/L2:0 G22:L1/L2:0 G23:L1/L2:0 G24:L1/L2:0 G30:L1/L2:0,1.7243,7.4720,4595220.9526,2039435.9681,3912626.7256
1.7520,7.2542,1.0435,4500.0,16,2.0493,1.0631,G10 G12 G14 G15 G17 G19 G20 G22 G23 G24 G30,2,-0.2030,11,0.1595,True,has,DYNG,ok,2026-07-08 20:48:00 GPST,334080.0,1.7520,2,G19 G30,10,G05 G12 G14 G15 G17 G20 G21 G22 G23 G24,G05:L1/L2:0 G12:L1/L2:0 G14:L1/L2:0 G15:L1/L2:0 G17:L1/L2:0 G19:L1/L2:0 G20:L1/L2:0 G21:L1/L2:0 G22:L1/L2:0 G23:L1/L2:0 G24:L1/L2:0 G30:L1/L2:0,1.7520,7.3632,4595221.0204,2039435.8170,3912626.7697
2.3710,7.1228,0.6507,4800.0,17,2.4588,0.6512,G10 G12 G14 G15 G17 G19 G20 G22 G23 G24 G30,2,0.0251,11,0.2241,True,has,DYNG,ok,2026-07-08 20:53:00 GPST,334380.0,2.3710,1,G30,11,G05 G12 G14 G15 G17 G19 G20 G21 G22 G23 G24,G05:L1/L2:0 G12:L1/L2:0 G14:L1/L2:0 G15:L1/L2:0 G17:L1/L2:0 G19:L1/L2:0 G20:L1/L2:0 G21:L1/L2:0 G22:L1/L2:0 G23:L1/L2:0 G24:L1/L2:0 G30:L1/L2:0,2.3710,11.1212,4595221.4965,2039435.5985,3912627.3310
2.7736,7.0237,0.3152,5100.0,18,2.7974,0.3644,G06 G10 G12 G14 G15 G17 G19 G20 G22 G23 G24 G30,2,0.1829,12,0.2612,True,has,DYNG,ok,2026-07-08 20:58:00 GPST,334680.0,2.7736,1,G30,11,G05 G12 G14 G15 G17 G19 G20 G21 G22 G23 G24,G05:L1/L2:0 G12:L1/L2:0 G14:L1/L2:0 G15:L1/L2:0 G17:L1/L2:0 G19:L1/L2:0 G20:L1/L2:0 G21:L1/L2:0 G22:L1/L2:0 G23:L1/L2:0 G24:L1/L2:0 G30:L1/L2:0,2.7736,13.0155,4595221.8333,2039435.3809,3912627.7035
3.0260,6.9372,0.0438,5400.0,19,3.0406,0.2972,G06 G10 G12 G14 G15 G17 G19 G20 G22 G23 G24 G30,2,0.2940,12,0.2857,True,has,DYNG,ok,2026-07-08 21:03:00 GPST,334980.0,3.0260,1,G30,11,G05 G12 G14 G15 G17 G19 G20 G21 G22 G23 G24,G05:L1/L2:0 G12:L1/L2:0 G14:L1/L2:0 G15:L1/L2:0 G17:L1/L2:0 G19:L1/L2:0 G20:L1/L2:0 G21:L1/L2:0 G22:L1/L2:0 G23:L1/L2:0 G24:L1/L2:0 G30:L1/L2:0,3.0260,14.1292,4595222.0624,2039435.1856,3912627.9466
,,,0.0,1,,,G05 G14 G15 G17 G19 G20 G21 G22 G23 G24 G30,,,11,,,igs,DYNG,skipped_min_epochs,2026-07-08 19:33:00 GPST,329580.0,,,,,,,,,,,
,,,300.0,2,,,G05 G14 G15 G17 G19 G20 G21 G22 G23 G24 G30,,,11,,,igs,DYNG,skipped_min_epochs,2026-07-08 19:38:00 GPST,329880.0,,,,,,,,,,,
2.2936,5.9235,6.8023,600.0,3,7.7141,7.3653,G05 G14 G15 G17 G19 G20 G21 G22 G23 G24 G30,3,-2.8241,11,0.2536,True,igs,DYNG,ok,2026-07-08 19:43:00 GPST,330180.0,-2.2936,0,,11,G05 G14 G15 G17 G19 G20 G21 G22 G23 G24 G30,G05:L1/L2:0 G14:L1/L2:0 G15:L1/L2:0 G17:L1/L2:0 G19:L1/L2:0 G20:L1/L2:0 G21:L1/L2:0 G22:L1/L2:0 G23:L1/L2:0 G24:L1/L2:0 G30:L1/L2:0,-2.2936,8.1337,4595217.2510,2039440.4445,3912622.2114
1.8685,4.8941,4.6708,900.0,4,5.4157,5.0832,G05 G14 G15 G17 G19 G20 G22 G23 G24 G30,3,-2.0055,10,0.2241,True,igs,DYNG,ok,2026-07-08 19:48:00 GPST,330480.0,-1.8685,0,,11,G05 G14 G15 G17 G19 G20 G21 G22 G23 G24 G30,G05:L1/L2:0 G14:L1/L2:0 G15:L1/L2:0 G17:L1/L2:0 G19:L1/L2:0 G20:L1/L2:0 G21:L1/L2:0 G22:L1/L2:0 G23:L1/L2:0 G24:L1/L2:0 G30:L1/L2:0,-1.8685,7.4048,4595217.9601,2039438.4272,3912623.1179
0.8121,4.2700,3.4933,1200.0,5,3.8487,3.7621,G05 G14 G15 G17 G19 G20 G22 G23 G24 G30,3,-1.3964,10,0.1969,True,igs,DYNG,ok,2026-07-08 19:53:00 GPST,330780.0,-0.8121,0,,11,G05 G14 G15 G17 G19 G20 G21 G22 G23 G24 G30,G05:L1/L2:0 G14:L1/L2:0 G15:L1/L2:0 G17:L1/L2:0 G19:L1/L2:0 G20:L1/L2:0 G21:L1/L2:0 G22:L1/L2:0 G23:L1/L2:0 G24:L1/L2:0 G30:L1/L2:0,-0.8121,6.8951,4595218.8545,2039437.5359,3912624.2489
0.0512,3.9040,2.6867,1500.0,6,2.8678,2.8673,G05 G12 G14 G15 G17 G19 G20 G22 G23 G24 G30,3,-1.0016,11,0.1769,True,igs,DYNG,ok,2026-07-08 19:58:00 GPST,331080.0,0.0512,0,,11,G05 G14 G15 G17 G19 G20 G21 G22 G23 G24 G30,G05:L1/L2:0 G14:L1/L2:0 G15:L1/L2:0 G17:L1/L2:0 G19:L1/L2:0 G20:L1/L2:0 G21:L1/L2:0 G22:L1/L2:0 G23:L1/L2:0 G24:L1/L2:0 G30:L1/L2:0,0.0512,6.5087,4595219.5803,2039436.9755,3912625.0921
0.6539,3.7201,2.1277,1800.0,7,2.3410,2.2479,G05 G12 G14 G15 G17 G19 G20 G22 G23 G24 G30,3,-0.7250,11,0.1626,True,igs,DYNG,ok,2026-07-08 20:03:00 GPST,331380.0,0.6539,0,,11,G05 G14 G15 G17 G19 G20 G21 G22 G23 G24 G30,G05:L1/L2:0 G14:L1/L2:0 G15:L1/L2:0 G17:L1/L2:0 G19:L1/L2:0 G20:L1/L2:0 G21:L1/L2:0 G22:L1/L2:0 G23:L1/L2:0 G24:L1/L2:0 G30:L1/L2:0,0.6539,6.2022,4595220.0847,2039436.5879,3912625.6816
1.0296,3.5386,1.6889,2100.0,8,2.0508,1.7737,G05 G12 G14 G15 G17 G19 G20 G22 G23 G24 G30,3,-0.5417,11,0.1514,True,igs,DYNG,ok,2026-07-08 20:08:00 GPST,331680.0,1.0296,0,,12,G05 G12 G14 G15 G17 G19 G20 G21 G22 G23 G24 G30,G05:L1/L2:0 G12:L1/L2:0 G14:L1/L2:0 G15:L1/L2:0 G17:L1/L2:0 G19:L1/L2:0 G20:L1/L2:0 G21:L1/L2:0 G22:L1/L2:0 G23:L1/L2:0 G24:L1/L2:0 G30:L1/L2:0,1.0296,5.8988,4595220.4297,2039436.2609,3912626.0575
1.3331,3.4638,1.3990,2400.0,9,1.9760,1.4586,G05 G12 G14 G15 G17 G19 G20 G22 G23 G24 G30,3,-0.4127,11,0.1436,True,igs,DYNG,ok,2026-07-08 20:13:00 GPST,331980.0,1.3331,0,,12,G05 G12 G14 G15 G17 G19 G20 G21 G22 G23 G24 G30,G05:L1/L2:0 G12:L1/L2:0 G14:L1/L2:0 G15:L1/L2:0 G17:L1/L2:0 G19:L1/L2:0 G20:L1/L2:0 G21:L1/L2:0 G22:L1/L2:0 G23:L1/L2:0 G24:L1/L2:0 G30:L1/L2:0,1.3331,5.6478,4595220.6929,2039436.0606,3912626.3463
1.3900,3.4083,1.0933,2700.0,10,1.8002,1.1439,G05 G12 G14 G15 G17 G19 G20 G22 G23 G24 G30,2,-0.3363,11,0.1370,True,igs,DYNG,ok,2026-07-08 20:18:00 GPST,332280.0,1.3900,0,,12,G05 G12 G14 G15 G17 G19 G20 G21 G22 G23 G24 G30,G05:L1/L2:0 G12:L1/L2:0 G14:L1/L2:0 G15:L1/L2:0 G17:L1/L2:0 G19:L1/L2:0 G20:L1/L2:0 G21:L1/L2:0 G22:L1/L2:0 G23:L1/L2:0 G24:L1/L2:0 G30:L1/L2:0,1.3900,5.4366,4595220.8149,2039435.7802,3912626.4415
1.4614,3.3703,0.8729,3000.0,11,1.7242,0.9149,G05 G10 G12 G14 G15 G17 G19 G20 G22 G23 G24 G30,2,-0.2739,12,0.1310,True,igs,DYNG,ok,2026-07-08 20:23:00 GPST,332580.0,1.4614,0,,12,G05 G12 G14 G15 G17 G19 G20 G21 G22 G23 G24 G30,G05:L1/L2:0 G12:L1/L2:0 G14:L1/L2:0 G15:L1/L2:0 G17:L1/L2:0 G19:L1/L2:0 G20:L1/L2:0 G21:L1/L2:0 G22:L1/L2:0 G23:L1/L2:0 G24:L1/L2:0 G30:L1/L2:0,1.4614,5.2527,4595220.9205,2039435.5860,3912626.5347
1.4857,3.3302,0.6590,3300.0,12,1.6445,0.7049,G10 G12 G14 G15 G17 G19 G20 G22 G23 G24 G30,2,-0.2501,11,0.1264,True,igs,DYNG,ok,2026-07-08 20:28:00 GPST,332880.0,1.4857,0,,12,G05 G12 G14 G15 G17 G19 G20 G21 G22 G23 G24 G30,G05:L1/L2:0 G12:L1/L2:0 G14:L1/L2:0 G15:L1/L2:0 G17:L1/L2:0 G19:L1/L2:0 G20:L1/L2:0 G21:L1/L2:0 G22:L1/L2:0 G23:L1/L2:0 G24:L1/L2:0 G30:L1/L2:0,1.4857,5.0827,4595221.0113,2039435.3923,3912626.5684
1.4569,3.3015,0.4777,3600.0,13,1.5530,0.5380,G10 G12 G14 G15 G17 G19 G20 G22 G23 G24 G30,2,-0.2474,11,0.1232,True,igs,DYNG,ok,2026-07-08 20:33:00 GPST,333180.0,1.4569,1,G20,11,G05 G12 G14 G15 G17 G19 G21 G22 G23 G24 G30,G05:L1/L2:0 G12:L1/L2:0 G14:L1/L2:0 G15:L1/L2:0 G17:L1/L2:0 G19:L1/L2:0 G20:L1/L2:0 G21:L1/L2:0 G22:L1/L2:0 G23:L1/L2:0 G24:L1/L2:0 G30:L1/L2:0,1.4569,4.9520,4595221.0626,2039435.2166,3912626.5527
1.4348,3.2764,0.3398,3900.0,14,1.4950,0.4201,G10 G12 G14 G15 G17 G19 G20 G22 G23 G24 G30,2,-0.2470,11,0.1208,True,igs,DYNG,ok,2026-07-08 20:38:00 GPST,333480.0,1.4348,1,G20,11,G05 G12 G14 G15 G17 G19 G21 G22 G23 G24 G30,G05:L1/L2:0 G12:L1/L2:0 G14:L1/L2:0 G15:L1/L2:0 G17:L1/L2:0 G19:L1/L2:0 G20:L1/L2:0 G21:L1/L2:0 G22:L1/L2:0 G23:L1/L2:0 G24:L1/L2:0 G30:L1/L2:0,1.4348,4.8510,4595221.1024,2039435.0834,3912626.5394
1.4147,3.2520,0.2334,4200.0,15,1.4553,0.3416,G10 G12 G14 G15 G17 G19 G20 G22 G23 G24 G30,2,-0.2494,11,0.1194,True,igs,DYNG,ok,2026-07-08 20:43:00 GPST,333780.0,1.4147,1,G20,11,G05 G12 G14 G15 G17 G19 G21 G22 G23 G24 G30,G05:L1/L2:0 G12:L1/L2:0 G14:L1/L2:0 G15:L1/L2:0 G17:L1/L2:0 G19:L1/L2:0 G20:L1/L2:0 G21:L1/L2:0 G22:L1/L2:0 G23:L1/L2:0 G24:L1/L2:0 G30:L1/L2:0,1.4147,4.7893,4595221.1324,2039434.9804,3912626.5251
1.4089,3.2474,0.1541,4500.0,16,1.4386,0.2909,G10 G12 G14 G15 G17 G19 G20 G22 G23 G24 G30,2,-0.2468,11,0.1182,True,igs,DYNG,ok,2026-07-08 20:48:00 GPST,334080.0,1.4089,1,G20,11,G05 G12 G14 G15 G17 G19 G21 G22 G23 G24 G30,G05:L1/L2:0 G12:L1/L2:0 G14:L1/L2:0 G15:L1/L2:0 G17:L1/L2:0 G19:L1/L2:0 G20:L1/L2:0 G21:L1/L2:0 G22:L1/L2:0 G23:L1/L2:0 G24:L1/L2:0 G30:L1/L2:0,1.4089,4.7414,4595221.1590,2039434.9054,3912626.5236
1.3833,3.2075,0.0965,4800.0,17,1.4078,0.2614,G10 G12 G14 G15 G17 G19 G20 G22 G23 G24 G30,2,-0.2429,11,0.1174,True,igs,DYNG,ok,2026-07-08 20:53:00 GPST,334380.0,1.3833,1,G20,11,G05 G12 G14 G15 G17 G19 G21 G22 G23 G24 G30,G05:L1/L2:0 G12:L1/L2:0 G14:L1/L2:0 G15:L1/L2:0 G17:L1/L2:0 G19:L1/L2:0 G20:L1/L2:0 G21:L1/L2:0 G22:L1/L2:0 G23:L1/L2:0 G24:L1/L2:0 G30:L1/L2:0,1.3833,4.7167,4595221.1618,2039434.8436,3912626.5109
1.3680,3.1605,0.0542,5100.0,18,1.3898,0.2448,G06 G10 G12 G14 G15 G17 G19 G20 G22 G23 G24 G30,2,-0.2387,12,0.1168,True,igs,DYNG,ok,2026-07-08 20:58:00 GPST,334680.0,1.3680,1,G20,11,G05 G12 G14 G15 G17 G19 G21 G22 G23 G24 G30,G05:L1/L2:0 G12:L1/L2:0 G14:L1/L2:0 G15:L1/L2:0 G17:L1/L2:0 G19:L1/L2:0 G20:L1/L2:0 G21:L1/L2:0 G22:L1/L2:0 G23:L1/L2:0 G24:L1/L2:0 G30:L1/L2:0,1.3680,4.7055,4595221.1655,2039434.7990,3912626.5047
1.4257,3.1203,0.0523,5400.0,19,1.4429,0.2221,G06 G10 G12 G14 G15 G17 G19 G20 G22 G23 G24 G30,2,-0.2159,12,0.1137,True,igs,DYNG,ok,2026-07-08 21:03:00 GPST,334980.0,1.4257,1,G20,11,G05 G12 G14 G15 G17 G19 G21 G22 G23 G24 G30,G05:L1/L2:0 G12:L1/L2:0 G14:L1/L2:0 G15:L1/L2:0 G17:L1/L2:0 G19:L1/L2:0 G20:L1/L2:0 G21:L1/L2:0 G22:L1/L2:0 G23:L1/L2:0 G24:L1/L2:0 G30:L1/L2:0,1.4257,4.6483,4595221.1950,2039434.8100,3912626.5583
,,,0.0,1,,,G05 G12 G14 G15 G17 G19 G20 G21 G22 G23 G24 G30,,,12,,,broadcast,EBRE,skipped_min_epochs,2026-07-08 19:33:00 GPST,329580.0,,,,,,,,,,,
,,,300.0,2,,,G05 G12 G14 G15 G17 G19 G20 G21 G22 G23 G24 G30,,,12,,,broadcast,EBRE,skipped_min_epochs,2026-07-08 19:38:00 GPST,329880.0,,,,,,,,,,,
0.2608,1.8636,-0.0444,600.0,3,0.5422,0.4754,G05 G12 G14 G15 G17 G19 G20 G21 G22 G23 G24 G30,2,-0.4733,12,0.0227,True,broadcast,EBRE,ok,2026-07-08 19:43:00 GPST,330180.0,0.2608,0,,0,,G05:L1/L2:0 G14:L1/L2:0 G15:L1/L2:0 G17:L1/L2:0 G19:L1/L2:0 G20:L1/L2:0 G21:L1/L2:0 G22:L1/L2:0 G23:L1/L2:0 G24:L1/L2:0 G30:L1/L2:0,0.2608,1.1392,4833520.4206,41537.4920,4147461.6139
0.4893,1.9952,0.1716,900.0,4,0.8162,0.6532,G05 G12 G14 G15 G17 G19 G20 G21 G22 G23 G24 G30,3,-0.6303,12,0.0292,True,broadcast,EBRE,ok,2026-07-08 19:48:00 GPST,330480.0,0.4893,0,,0,,G05:L1/L2:0 G12:L1/L2:0 G14:L1/L2:0 G15:L1/L2:0 G17:L1/L2:0 G19:L1/L2:0 G20:L1/L2:0 G21:L1/L2:0 G22:L1/L2:0 G23:L1/L2:0 G24:L1/L2:0 G30:L1/L2:0,0.4893,1.5088,4833520.6943,41537.7104,4147461.6445
0.3547,2.1116,0.4015,1200.0,5,0.8133,0.7319,G05 G10 G12 G14 G15 G17 G19 G20 G21 G22 G23 G24 G30,3,-0.6120,13,0.0348,True,broadcast,EBRE,ok,2026-07-08 19:53:00 GPST,330780.0,0.3547,0,,0,,G05:L1/L2:0 G12:L1/L2:0 G14:L1/L2:0 G15:L1/L2:0 G17:L1/L2:0 G19:L1/L2:0 G20:L1/L2:0 G21:L1/L2:0 G22:L1/L2:0 G23:L1/L2:0 G24:L1/L2:0 G30:L1/L2:0,0.3547,1.7088,4833520.5786,41537.9392,4147461.5703
0.1233,2.0980,0.2997,1500.0,6,0.6302,0.6181,G05 G10 G12 G14 G15 G17 G19 G20 G21 G22 G23 G24 G30,3,-0.5405,13,0.0456,True,broadcast,EBRE,ok,2026-07-08 19:58:00 GPST,331080.0,0.1233,0,,0,,G05:L1/L2:0 G12:L1/L2:0 G14:L1/L2:0 G15:L1/L2:0 G17:L1/L2:0 G19:L1/L2:0 G20:L1/L2:0 G21:L1/L2:0 G22:L1/L2:0 G23:L1/L2:0 G24:L1/L2:0 G30:L1/L2:0,0.1233,2.2180,4833520.3576,41537.8356,4147461.4731
0.0653,2.1171,0.2659,1800.0,7,0.5528,0.5489,G05 G10 G12 G14 G15 G17 G19 G20 G22 G23 G24 G30,3,-0.4802,12,0.0569,True,broadcast,EBRE,ok,2026-07-08 20:03:00 GPST,331380.0,-0.0653,0,,0,,G05:L1/L2:0 G12:L1/L2:0 G14:L1/L2:0 G15:L1/L2:0 G17:L1/L2:0 G19:L1/L2:0 G20:L1/L2:0 G21:L1/L2:0 G22:L1/L2:0 G23:L1/L2:0 G24:L1/L2:0 G30:L1/L2:0,-0.0653,2.8770,4833520.1758,41537.8002,4147461.3955
0.0399,2.1362,0.2514,2100.0,8,0.5400,0.5386,G05 G10 G12 G14 G15 G17 G19 G20 G22 G23 G24 G30,3,-0.4763,12,0.0600,True,broadcast,EBRE,ok,2026-07-08 20:08:00 GPST,331680.0,-0.0399,0,,0,,G05:L1/L2:0 G12:L1/L2:0 G14:L1/L2:0 G15:L1/L2:0 G17:L1/L2:0 G19:L1/L2:0 G20:L1/L2:0 G21:L1/L2:0 G22:L1/L2:0 G23:L1/L2:0 G24:L1/L2:0 G30:L1/L2:0,-0.0399,3.1069,4833520.1925,41537.7859,4147461.4150
0.0132,2.1674,0.2840,2400.0,9,0.5589,0.5587,G05 G10 G12 G14 G15 G17 G19 G20 G22 G23 G24 G30,3,-0.4811,12,0.0665,True,broadcast,EBRE,ok,2026-07-08 20:13:00 GPST,331980.0,-0.0132,0,,0,,G05:L1/L2:0 G12:L1/L2:0 G14:L1/L2:0 G15:L1/L2:0 G17:L1/L2:0 G19:L1/L2:0 G20:L1/L2:0 G21:L1/L2:0 G22:L1/L2:0 G23:L1/L2:0 G24:L1/L2:0 G30:L1/L2:0,-0.0132,3.4622,4833520.2157,41537.8187,4147461.4289
0.1644,2.2084,0.4872,2700.0,10,0.6496,0.6284,G05 G10 G12 G14 G15 G17 G19 G20 G22 G23 G24,3,-0.3970,11,0.0764,True,broadcast,EBRE,ok,2026-07-08 20:18:00 GPST,332280.0,-0.1644,0,,0,,G05:L1/L2:0 G10:L1/L2:0 G12:L1/L2:0 G14:L1/L2:0 G15:L1/L2:0 G17:L1/L2:0 G19:L1/L2:0 G20:L1/L2:0 G21:L1/L2:0 G22:L1/L2:0 G23:L1/L2:0 G24:L1/L2:0 G30:L1/L2:0,-0.1644,3.9418,4833520.0445,41538.0204,4147461.3937
0.2512,2.2493,0.5447,3000.0,11,0.6823,0.6343,G05 G10 G12 G14 G15 G17 G19 G20 G22 G23 G24,3,-0.3250,11,0.0812,True,broadcast,EBRE,ok,2026-07-08 20:23:00 GPST,332580.0,-0.2512,0,,0,,G05:L1/L2:0 G10:L1/L2:0 G12:L1/L2:0 G14:L1/L2:0 G15:L1/L2:0 G17:L1/L2:0 G19:L1/L2:0 G20:L1/L2:0 G21:L1/L2:0 G22:L1/L2:0 G23:L1/L2:0 G24:L1/L2:0 G30:L1/L2:0,-0.2512,4.1486,4833519.9312,41538.0769,4147461.3914
0.2863,2.2784,0.5506,3300.0,12,0.6776,0.6141,G05 G10 G12 G14 G15 G17 G19 G20 G22 G23 G24,3,-0.2719,11,0.0862,True,broadcast,EBRE,ok,2026-07-08 20:28:00 GPST,332880.0,-0.2863,0,,0,,G05:L1/L2:0 G10:L1/L2:0 G12:L1/L2:0 G14:L1/L2:0 G15:L1/L2:0 G17:L1/L2:0 G19:L1/L2:0 G20:L1/L2:0 G21:L1/L2:0 G22:L1/L2:0 G23:L1/L2:0 G24:L1/L2:0 G30:L1/L2:0,-0.2863,4.3392,4833519.8699,41538.0823,4147461.4086
0.3600,2.2851,0.5485,3600.0,13,0.6937,0.5930,G05 G10 G12 G14 G15 G17 G19 G20 G22 G23 G24,3,-0.2253,11,0.0901,True,broadcast,EBRE,ok,2026-07-08 20:33:00 GPST,333180.0,-0.3600,0,,0,,G05:L1/L2:0 G10:L1/L2:0 G12:L1/L2:0 G14:L1/L2:0 G15:L1/L2:0 G17:L1/L2:0 G19:L1/L2:0 G20:L1/L2:0 G21:L1/L2:0 G22:L1/L2:0 G23:L1/L2:0 G24:L1/L2:0 G30:L1/L2:0,-0.3600,4.5034,4833519.7836,41538.0795,4147461.3957
0.4114,2.3075,0.5227,3900.0,14,0.6972,0.5629,G05 G10 G12 G14 G15 G17 G19 G20 G22 G23 G24,3,-0.2089,11,0.0920,True,broadcast,EBRE,ok,2026-07-08 20:38:00 GPST,333480.0,-0.4114,0,,0,,G05:L1/L2:0 G10:L1/L2:0 G12:L1/L2:0 G14:L1/L2:0 G15:L1/L2:0 G17:L1/L2:0 G19:L1/L2:0 G20:L1/L2:0 G21:L1/L2:0 G22:L1/L2:0 G23:L1/L2:0 G24:L1/L2:0 G30:L1/L2:0,-0.4114,4.5324,4833519.7342,41538.0532,4147461.3745
0.4960,2.3393,0.5332,4200.0,15,0.7538,0.5677,G05 G10 G12 G15 G17 G19 G20 G22 G23 G24 G25,3,-0.1948,11,0.0942,True,broadcast,EBRE,ok,2026-07-08 20:43:00 GPST,333780.0,-0.4960,0,,0,,G05:L1/L2:0 G10:L1/L2:0 G12:L1/L2:0 G14:L1/L2:0 G15:L1/L2:0 G17:L1/L2:0 G19:L1/L2:0 G20:L1/L2:0 G21:L1/L2:0 G22:L1/L2:0 G23:L1/L2:0 G24:L1/L2:0 G30:L1/L2:0,-0.4960,4.5754,4833519.6609,41538.0631,4147461.3299
0.5746,2.3690,0.5266,4500.0,16,0.7982,0.5540,G05 G10 G12 G15 G17 G19 G20 G22 G23 G24 G25,3,-0.1720,11,0.0952,True,broadcast,EBRE,ok,2026-07-08 20:48:00 GPST,334080.0,-0.5746,0,,0,,G05:L1/L2:0 G10:L1/L2:0 G12:L1/L2:0 G14:L1/L2:0 G15:L1/L2:0 G17:L1/L2:0 G19:L1/L2:0 G20:L1/L2:0 G21:L1/L2:0 G22:L1/L2:0 G23:L1/L2:0 G24:L1/L2:0 G30:L1/L2:0,-0.5746,4.5787,4833519.5866,41538.0559,4147461.2958
0.6039,2.3802,0.4659,4800.0,17,0.7772,0.4893,G05 G10 G12 G15 G17 G19 G20 G22 G23 G24 G25,3,-0.1497,11,0.0978,True,broadcast,EBRE,ok,2026-07-08 20:53:00 GPST,334380.0,-0.6039,0,,0,,G05:L1/L2:0 G10:L1/L2:0 G12:L1/L2:0 G14:L1/L2:0 G15:L1/L2:0 G17:L1/L2:0 G19:L1/L2:0 G20:L1/L2:0 G21:L1/L2:0 G22:L1/L2:0 G23:L1/L2:0 G24:L1/L2:0 G30:L1/L2:0,-0.6039,4.6066,4833519.5504,41537.9948,4147461.2935
0.6698,2.3767,0.4284,5100.0,18,0.8058,0.4480,G10 G12 G15 G17 G19 G20 G22 G23 G24 G25,3,-0.1311,10,0.1003,True,broadcast,EBRE,ok,2026-07-08 20:58:00 GPST,334680.0,-0.6698,0,,0,,G05:L1/L2:0 G10:L1/L2:0 G12:L1/L2:0 G14:L1/L2:0 G15:L1/L2:0 G17:L1/L2:0 G19:L1/L2:0 G20:L1/L2:0 G21:L1/L2:0 G22:L1/L2:0 G23:L1/L2:0 G24:L1/L2:0 G30:L1/L2:0,-0.6698,4.6150,4833519.4888,41537.9568,4147461.2645
0.6943,2.4056,0.4991,5400.0,19,0.8681,0.5210,G10 G12 G15 G17 G19 G20 G22 G23 G24 G25,3,-0.1495,10,0.1090,True,broadcast,EBRE,ok,2026-07-08 21:03:00 GPST,334980.0,-0.6943,0,,0,,G05:L1/L2:0 G10:L1/L2:0 G12:L1/L2:0 G14:L1/L2:0 G15:L1/L2:0 G17:L1/L2:0 G19:L1/L2:0 G20:L1/L2:0 G21:L1/L2:0 G22:L1/L2:0 G23:L1/L2:0 G24:L1/L2:0 G30:L1/L2:0,-0.6943,4.6922,4833519.4816,41538.0275,4147461.2346
,,,0.0,1,,,G05 G12 G14 G15 G17 G19 G20 G21 G22 G23 G24 G30,,,12,,,has,EBRE,skipped_min_epochs,2026-07-08 19:33:00 GPST,329580.0,,,,,,,,,,,
,,,300.0,2,,,G05 G12 G14 G15 G17 G19 G20 G21 G22 G23 G24 G30,,,12,,,has,EBRE,skipped_min_epochs,2026-07-08 19:38:00 GPST,329880.0,,,,,,,,,,,
1.3890,5.9148,-2.6502,600.0,3,3.0959,2.7668,G05 G12 G14 G15 G17 G19 G20 G21 G22 G23 G24 G30,2,0.7947,12,0.2958,True,has,EBRE,ok,2026-07-08 19:43:00 GPST,330180.0,-1.3890,2,G17 G19,9,G05 G14 G15 G20 G21 G22 G23 G24 G30,G05:L1/L2:0 G14:L1/L2:0 G15:L1/L2:0 G17:L1/L2:0 G19:L1/L2:0 G20:L1/L2:0 G21:L1/L2:0 G22:L1/L2:0 G23:L1/L2:0 G24:L1/L2:0 G30:L1/L2:0,-1.3890,11.7283,4833518.3658,41534.8684,4147461.4950
0.9845,6.1277,-1.8819,900.0,4,2.1521,1.9137,G05 G12 G14 G15 G17 G19 G20 G21 G22 G23 G24 G30,3,0.3470,12,0.2702,True,has,EBRE,ok,2026-07-08 19:48:00 GPST,330480.0,-0.9845,2,G17 G19,10,G05 G12 G14 G15 G20 G21 G22 G23 G24 G30,G05:L1/L2:0 G12:L1/L2:0 G14:L1/L2:0 G15:L1/L2:0 G17:L1/L2:0 G19:L1/L2:0 G20:L1/L2:0 G21:L1/L2:0 G22:L1/L2:0 G23:L1/L2:0 G24:L1/L2:0 G30:L1/L2:0,-0.9845,10.7695,4833518.9579,41535.6418,4147461.4205
1.1551,6.2107,-1.1388,1200.0,5,1.6310,1.1515,G05 G10 G12 G14 G15 G17 G19 G20 G21 G22 G23 G24 G30,3,0.1706,13,0.2569,True,has,EBRE,ok,2026-07-08 19:53:00 GPST,330780.0,-1.1551,2,G17 G19,10,G05 G12 G14 G15 G20 G21 G22 G23 G24 G30,G05:L1/L2:0 G12:L1/L2:0 G14:L1/L2:0 G15:L1/L2:0 G17:L1/L2:0 G19:L1/L2:0 G20:L1/L2:0 G21:L1/L2:0 G22:L1/L2:0 G23:L1/L2:0 G24:L1/L2:0 G30:L1/L2:0,-1.1551,10.0217,4833518.9377,41536.3848,4147461.1756
1.1375,6.2299,-0.7985,1500.0,6,1.3921,0.8025,G05 G10 G12 G14 G15 G17 G19 G20 G21 G22 G23 G24 G30,3,0.0802,13,0.2416,True,has,EBRE,ok,2026-07-08 19:58:00 GPST,331080.0,-1.1375,2,G17 G19,10,G05 G12 G14 G15 G20 G21 G22 G23 G24 G30,G05:L1/L2:0 G12:L1/L2:0 G14:L1/L2:0 G15:L1/L2:0 G17:L1/L2:0 G19:L1/L2:0 G20:L1/L2:0 G21:L1/L2:0 G22:L1/L2:0 G23:L1/L2:0 G24:L1/L2:0 G30:L1/L2:0,-1.1375,9.3805,4833519.0072,41536.7257,4147461.1187
1.2443,6.3749,-0.2530,1800.0,7,1.2699,0.2536,G05 G10 G12 G14 G15 G17 G19 G20 G22 G23 G24 G30,3,0.0166,12,0.2334,True,has,EBRE,ok,2026-07-08 20:03:00 GPST,331380.0,-1.2443,1,G19,11,G05 G12 G14 G15 G17 G20 G21 G22 G23 G24 G30,G05:L1/L2:0 G12:L1/L2:0 G14:L1/L2:0 G15:L1/L2:0 G17:L1/L2:0 G19:L1/L2:0 G20:L1/L2:0 G21:L1/L2:0 G22:L1/L2:0 G23:L1/L2:0 G24:L1/L2:0 G30:L1/L2:0,-1.2443,8.9811,4833518.9633,41537.2708,4147461.0007
1.2496,6.4842,0.0539,2100.0,8,1.2511,0.0606,G05 G10 G12 G14 G15 G17 G19 G20 G22 G23 G24 G30,3,-0.0276,12,0.2246,True,has,EBRE,ok,2026-07-08 20:08:00 GPST,331680.0,-1.2496,1,G19,11,G05 G12 G14 G15 G17 G20 G21 G22 G23 G24 G30,G05:L1/L2:0 G12:L1/L2:0 G14:L1/L2:0 G15:L1/L2:0 G17:L1/L2:0 G19:L1/L2:0 G20:L1/L2:0 G21:L1/L2:0 G22:L1/L2:0 G23:L1/L2:0 G24:L1/L2:0 G30:L1/L2:0,-1.2496,8.6284,4833518.9855,41537.5780,4147460.9638
1.1959,6.5419,0.2006,2400.0,9,1.2139,0.2088,G05 G10 G12 G14 G15 G17 G19 G20 G22 G23 G24 G30,3,-0.0577,12,0.2151,True,has,EBRE,ok,2026-07-08 20:13:00 GPST,331980.0,-1.1959,1,G19,11,G05 G12 G14 G15 G17 G20 G21 G22 G23 G24 G30,G05:L1/L2:0 G12:L1/L2:0 G14:L1/L2:0 G15:L1/L2:0 G17:L1/L2:0 G19:L1/L2:0 G20:L1/L2:0 G21:L1/L2:0 G22:L1/L2:0 G23:L1/L2:0 G24:L1/L2:0 G30:L1/L2:0,-1.1959,8.2903,4833519.0446,41537.7252,4147460.9762
1.1132,6.5664,0.2996,2700.0,10,1.1529,0.2998,G05 G10 G12 G14 G15 G17 G19 G20 G22 G23 G24,3,0.0097,11,0.2088,True,has,EBRE,ok,2026-07-08 20:18:00 GPST,332280.0,-1.1132,1,G19,12,G05 G10 G12 G14 G15 G17 G20 G21 G22 G23 G24 G30,G05:L1/L2:0 G10:L1/L2:0 G12:L1/L2:0 G14:L1/L2:0 G15:L1/L2:0 G17:L1/L2:0 G19:L1/L2:0 G20:L1/L2:0 G21:L1/L2:0 G22:L1/L2:0 G23:L1/L2:0 G24:L1/L2:0 G30:L1/L2:0,-1.1132,7.9998,4833519.0622,41537.8244,4147461.0812
0.9739,6.5965,0.2985,3000.0,11,1.0200,0.3031,G05 G10 G12 G14 G15 G17 G19 G20 G22 G23 G24,3,0.0527,11,0.2025,True,has,EBRE,ok,2026-07-08 20:23:00 GPST,332580.0,-0.9739,1,G19,12,G05 G10 G12 G14 G15 G17 G20 G21 G22 G23 G24 G30,G05:L1/L2:0 G10:L1/L2:0 G12:L1/L2:0 G14:L1/L2:0 G15:L1/L2:0 G17:L1/L2:0 G19:L1/L2:0 G20:L1/L2:0 G21:L1/L2:0 G22:L1/L2:0 G23:L1/L2:0 G24:L1/L2:0 G30:L1/L2:0,-0.9739,7.7437,4833519.1396,41537.8239,4147461.2048
0.8160,6.6232,0.2723,3300.0,12,0.8639,0.2837,G05 G10 G12 G14 G15 G17 G19 G20 G22 G23 G24,3,0.0795,11,0.1961,True,has,EBRE,ok,2026-07-08 20:28:00 GPST,332880.0,-0.8160,1,G19,12,G05 G10 G12 G14 G15 G17 G20 G21 G22 G23 G24 G30,G05:L1/L2:0 G10:L1/L2:0 G12:L1/L2:0 G14:L1/L2:0 G15:L1/L2:0 G17:L1/L2:0 G19:L1/L2:0 G20:L1/L2:0 G21:L1/L2:0 G22:L1/L2:0 G23:L1/L2:0 G24:L1/L2:0 G30:L1/L2:0,-0.8160,7.5081,4833519.2418,41537.7986,4147461.3282
0.7156,6.6574,0.2682,3600.0,13,0.7691,0.2819,G05 G10 G12 G14 G15 G17 G19 G20 G22 G23 G24,3,0.0868,11,0.1898,True,has,EBRE,ok,2026-07-08 20:33:00 GPST,333180.0,-0.7156,2,G19 G30,11,G05 G10 G12 G14 G15 G17 G20 G21 G22 G23 G24,G05:L1/L2:0 G10:L1/L2:0 G12:L1/L2:0 G14:L1/L2:0 G15:L1/L2:0 G17:L1/L2:0 G19:L1/L2:0 G20:L1/L2:0 G21:L1/L2:0 G22:L1/L2:0 G23:L1/L2:0 G24:L1/L2:0 G30:L1/L2:0,-0.7156,7.3054,4833519.3130,41537.7951,4147461.3994
0.6251,6.7032,0.2420,3900.0,14,0.6759,0.2569,G05 G10 G12 G14 G15 G17 G19 G20 G22 G23 G24,3,0.0861,11,0.1841,True,has,EBRE,ok,2026-07-08 20:38:00 GPST,333480.0,-0.6251,2,G19 G30,11,G05 G10 G12 G14 G15 G17 G20 G21 G22 G23 G24,G05:L1/L2:0 G10:L1/L2:0 G12:L1/L2:0 G14:L1/L2:0 G15:L1/L2:0 G17:L1/L2:0 G19:L1/L2:0 G20:L1/L2:0 G21:L1/L2:0 G22:L1/L2:0 G23:L1/L2:0 G24:L1/L2:0 G30:L1/L2:0,-0.6251,7.1258,4833519.3821,41537.7695,4147461.4581
0.5722,6.7576,0.2325,4200.0,15,0.6231,0.2466,G05 G10 G12 G15 G17 G19 G20 G22 G23 G24 G25,3,0.0820,11,0.1795,True,has,EBRE,ok,2026-07-08 20:43:00 GPST,333780.0,-0.5722,2,G19 G30,11,G05 G10 G12 G14 G15 G17 G20 G21 G22 G23 G24,G05:L1/L2:0 G10:L1/L2:0 G12:L1/L2:0 G14:L1/L2:0 G15:L1/L2:0 G17:L1/L2:0 G19:L1/L2:0 G20:L1/L2:0 G21:L1/L2:0 G22:L1/L2:0 G23:L1/L2:0 G24:L1/L2:0 G30:L1/L2:0,-0.5722,6.9805,4833519.4249,41537.7604,4147461.4896
0.5254,6.8134,0.2194,4500.0,16,0.5749,0.2334,G05 G10 G12 G15 G17 G19 G20 G22 G23 G24 G25,3,0.0795,11,0.1754,True,has,EBRE,ok,2026-07-08 20:48:00 GPST,334080.0,-0.5254,2,G19 G30,11,G05 G10 G12 G14 G15 G17 G20 G21 G22 G23 G24,G05:L1/L2:0 G10:L1/L2:0 G12:L1/L2:0 G14:L1/L2:0 G15:L1/L2:0 G17:L1/L2:0 G19:L1/L2:0 G20:L1/L2:0 G21:L1/L2:0 G22:L1/L2:0 G23:L1/L2:0 G24:L1/L2:0 G30:L1/L2:0,-0.5254,6.8480,4833519.4621,41537.7476,4147461.5183
0.4616,6.7689,0.0491,4800.0,17,0.4984,0.1879,G05 G10 G12 G15 G17 G19 G20 G22 G23 G24 G25,3,0.1814,11,0.2332,True,has,EBRE,ok,2026-07-08 20:53:00 GPST,334380.0,-0.4616,1,G30,12,G05 G10 G12 G14 G15 G17 G19 G20 G21 G22 G23 G24,G05:L1/L2:0 G10:L1/L2:0 G12:L1/L2:0 G14:L1/L2:0 G15:L1/L2:0 G17:L1/L2:0 G19:L1/L2:0 G20:L1/L2:0 G21:L1/L2:0 G22:L1/L2:0 G23:L1/L2:0 G24:L1/L2:0 G30:L1/L2:0,-0.4616,8.5696,4833519.4452,41537.5772,4147461.6371
0.4576,6.7278,-0.0598,5100.0,18,0.5285,0.2644,G10 G12 G15 G17 G19 G20 G22 G23 G24 G25,3,0.2576,10,0.2690,True,has,EBRE,ok,2026-07-08 20:58:00 GPST,334680.0,-0.4576,1,G30,12,G05 G10 G12 G14 G15 G17 G19 G20 G21 G22 G23 G24,G05:L1/L2:0 G10:L1/L2:0 G12:L1/L2:0 G14:L1/L2:0 G15:L1/L2:0 G17:L1/L2:0 G19:L1/L2:0 G20:L1/L2:0 G21:L1/L2:0 G22:L1/L2:0 G23:L1/L2:0 G24:L1/L2:0 G30:L1/L2:0,-0.4576,9.5294,4833519.3994,41537.4679,4147461.6973
0.4817,6.7029,-0.1309,5400.0,19,0.5921,0.3444,G10 G12 G15 G17 G19 G20 G22 G23 G24 G25,3,0.3185,10,0.2941,True,has,EBRE,ok,2026-07-08 21:03:00 GPST,334980.0,-0.4817,1,G30,12,G05 G10 G12 G14 G15 G17 G19 G20 G21 G22 G23 G24,G05:L1/L2:0 G10:L1/L2:0 G12:L1/L2:0 G14:L1/L2:0 G15:L1/L2:0 G17:L1/L2:0 G19:L1/L2:0 G20:L1/L2:0 G21:L1/L2:0 G22:L1/L2:0 G23:L1/L2:0 G24:L1/L2:0 G30:L1/L2:0,-0.4817,10.1307,4833519.3420,41537.3962,4147461.7277
,,,0.0,1,,,G05 G12 G14 G15 G17 G19 G20 G21 G22 G23 G24 G30,,,12,,,igs,EBRE,skipped_min_epochs,2026-07-08 19:33:00 GPST,329580.0,,,,,,,,,,,
,,,300.0,2,,,G05 G12 G14 G15 G17 G19 G20 G21 G22 G23 G24 G30,,,12,,,igs,EBRE,skipped_min_epochs,2026-07-08 19:38:00 GPST,329880.0,,,,,,,,,,,
3.1837,3.7514,-2.8620,600.0,3,4.2886,2.8733,G05 G12 G14 G15 G17 G19 G20 G21 G22 G23 G24 G30,2,0.2554,12,0.2562,True,igs,EBRE,ok,2026-07-08 19:43:00 GPST,330180.0,3.1837,0,,11,G05 G14 G15 G17 G19 G20 G21 G22 G23 G24 G30,G05:L1/L2:0 G14:L1/L2:0 G15:L1/L2:0 G17:L1/L2:0 G19:L1/L2:0 G20:L1/L2:0 G21:L1/L2:0 G22:L1/L2:0 G23:L1/L2:0 G24:L1/L2:0 G30:L1/L2:0,3.1837,7.9795,4833522.1804,41534.6895,4147464.0760
1.8800,3.3604,-1.9656,900.0,4,2.7201,1.9659,G05 G12 G14 G15 G17 G19 G20 G21 G22 G23 G24 G30,3,0.0368,12,0.2355,True,igs,EBRE,ok,2026-07-08 19:48:00 GPST,330480.0,1.8800,0,,12,G05 G12 G14 G15 G17 G19 G20 G21 G22 G23 G24 G30,G05:L1/L2:0 G12:L1/L2:0 G14:L1/L2:0 G15:L1/L2:0 G17:L1/L2:0 G19:L1/L2:0 G20:L1/L2:0 G21:L1/L2:0 G22:L1/L2:0 G23:L1/L2:0 G24:L1/L2:0 G30:L1/L2:0,1.8800,7.3340,4833521.3290,41535.5786,4147463.0583
1.1675,3.1294,-1.3475,1200.0,5,1.7835,1.3483,G05 G10 G12 G14 G15 G17 G19 G20 G21 G22 G23 G24 G30,3,-0.0464,13,0.2195,True,igs,EBRE,ok,2026-07-08 19:53:00 GPST,330780.0,1.1675,0,,12,G05 G12 G14 G15 G17 G19 G20 G21 G22 G23 G24 G30,G05:L1/L2:0 G12:L1/L2:0 G14:L1/L2:0 G15:L1/L2:0 G17:L1/L2:0 G19:L1/L2:0 G20:L1/L2:0 G21:L1/L2:0 G22:L1/L2:0 G23:L1/L2:0 G24:L1/L2:0 G30:L1/L2:0,1.1675,6.8324,4833520.8389,41536.1924,4147462.5296
0.7363,3.0254,-0.9534,1500.0,6,1.2062,0.9553,G05 G10 G12 G14 G15 G17 G19 G20 G21 G22 G23 G24 G30,3,-0.0607,13,0.2061,True,igs,EBRE,ok,2026-07-08 19:58:00 GPST,331080.0,0.7363,0,,12,G05 G12 G14 G15 G17 G19 G20 G21 G22 G23 G24 G30,G05:L1/L2:0 G12:L1/L2:0 G14:L1/L2:0 G15:L1/L2:0 G17:L1/L2:0 G19:L1/L2:0 G20:L1/L2:0 G21:L1/L2:0 G22:L1/L2:0 G23:L1/L2:0 G24:L1/L2:0 G30:L1/L2:0,0.7363,6.4169,4833520.5186,41536.5838,4147462.2369
0.4743,2.9156,-0.7070,1800.0,7,0.8528,0.7088,G05 G10 G12 G14 G15 G17 G19 G20 G22 G23 G24 G30,3,-0.0502,12,0.1946,True,igs,EBRE,ok,2026-07-08 20:03:00 GPST,331380.0,0.4743,0,,12,G05 G12 G14 G15 G17 G19 G20 G21 G22 G23 G24 G30,G05:L1/L2:0 G12:L1/L2:0 G14:L1/L2:0 G15:L1/L2:0 G17:L1/L2:0 G19:L1/L2:0 G20:L1/L2:0 G21:L1/L2:0 G22:L1/L2:0 G23:L1/L2:0 G24:L1/L2:0 G30:L1/L2:0,0.4743,6.0590,4833520.3113,41536.8284,4147462.0736
0.3110,2.8100,-0.5204,2100.0,8,0.6074,0.5218,G05 G10 G12 G14 G15 G17 G19 G20 G22 G23 G24 G30,3,-0.0381,12,0.1850,True,igs,EBRE,ok,2026-07-08 20:08:00 GPST,331680.0,0.3110,0,,12,G05 G12 G14 G15 G17 G19 G20 G21 G22 G23 G24 G30,G05:L1/L2:0 G12:L1/L2:0 G14:L1/L2:0 G15:L1/L2:0 G17:L1/L2:0 G19:L1/L2:0 G20:L1/L2:0 G21:L1/L2:0 G22:L1/L2:0 G23:L1/L2:0 G24:L1/L2:0 G30:L1/L2:0,0.3110,5.7584,4833520.1783,41537.0139,4147461.9760
0.2015,2.7668,-0.3898,2400.0,9,0.4402,0.3914,G05 G10 G12 G14 G15 G17 G19 G20 G22 G23 G24 G30,3,-0.0362,12,0.1761,True,igs,EBRE,ok,2026-07-08 20:13:00 GPST,331980.0,0.2015,0,,12,G05 G12 G14 G15 G17 G19 G20 G21 G22 G23 G24 G30,G05:L1/L2:0 G12:L1/L2:0 G14:L1/L2:0 G15:L1/L2:0 G17:L1/L2:0 G19:L1/L2:0 G20:L1/L2:0 G21:L1/L2:0 G22:L1/L2:0 G23:L1/L2:0 G24:L1/L2:0 G30:L1/L2:0,0.2015,5.4884,4833520.0931,41537.1438,4147461.9058
0.1362,2.8142,-0.2958,2700.0,10,0.3276,0.2979,G05 G10 G12 G14 G15 G17 G19 G20 G22 G23 G24,3,-0.0357,11,0.1675,True,igs,EBRE,ok,2026-07-08 20:18:00 GPST,332280.0,0.1362,0,,13,G05 G10 G12 G14 G15 G17 G19 G20 G21 G22 G23 G24 G30,G05:L1/L2:0 G10:L1/L2:0 G12:L1/L2:0 G14:L1/L2:0 G15:L1/L2:0 G17:L1/L2:0 G19:L1/L2:0 G20:L1/L2:0 G21:L1/L2:0 G22:L1/L2:0 G23:L1/L2:0 G24:L1/L2:0 G30:L1/L2:0,0.1362,5.2314,4833520.0425,41537.2374,4147461.8636
0.1255,2.8374,-0.2407,3000.0,11,0.2735,0.2431,G05 G10 G12 G14 G15 G17 G19 G20 G22 G23 G24,3,-0.0340,11,0.1600,True,igs,EBRE,ok,2026-07-08 20:23:00 GPST,332580.0,0.1255,0,,13,G05 G10 G12 G14 G15 G17 G19 G20 G21 G22 G23 G24 G30,G05:L1/L2:0 G10:L1/L2:0 G12:L1/L2:0 G14:L1/L2:0 G15:L1/L2:0 G17:L1/L2:0 G19:L1/L2:0 G20:L1/L2:0 G21:L1/L2:0 G22:L1/L2:0 G23:L1/L2:0 G24:L1/L2:0 G30:L1/L2:0,0.1255,5.0070,4833520.0328,41537.2924,4147461.8578
0.0778,2.8316,-0.1802,3300.0,12,0.2025,0.1870,G05 G10 G12 G14 G15 G17 G19 G20 G22 G23 G24,3,-0.0500,11,0.1536,True,igs,EBRE,ok,2026-07-08 20:28:00 GPST,332880.0,0.0778,0,,13,G05 G10 G12 G14 G15 G17 G19 G20 G21 G22 G23 G24 G30,G05:L1/L2:0 G10:L1/L2:0 G12:L1/L2:0 G14:L1/L2:0 G15:L1/L2:0 G17:L1/L2:0 G19:L1/L2:0 G20:L1/L2:0 G21:L1/L2:0 G22:L1/L2:0 G23:L1/L2:0 G24:L1/L2:0 G30:L1/L2:0,0.0778,4.8201,4833520.0067,41537.3527,4147461.8146
0.2139,2.8318,-0.0581,3600.0,13,0.2458,0.1211,G05 G10 G12 G14 G15 G17 G19 G20 G22 G23 G24,3,-0.1062,11,0.1512,True,igs,EBRE,ok,2026-07-08 20:33:00 GPST,333180.0,-0.2139,1,G20,12,G05 G10 G12 G14 G15 G17 G19 G21 G22 G23 G24 G30,G05:L1/L2:0 G10:L1/L2:0 G12:L1/L2:0 G14:L1/L2:0 G15:L1/L2:0 G17:L1/L2:0 G19:L1/L2:0 G20:L1/L2:0 G21:L1/L2:0 G22:L1/L2:0 G23:L1/L2:0 G24:L1/L2:0 G30:L1/L2:0,-0.2139,4.8955,4833519.8216,41537.4732,4147461.5813
0.4062,2.8153,0.0117,3900.0,14,0.4299,0.1409,G05 G10 G12 G14 G15 G17 G19 G20 G22 G23 G24,3,-0.1404,11,0.1488,True,igs,EBRE,ok,2026-07-08 20:38:00 GPST,333480.0,-0.4062,1,G20,12,G05 G10 G12 G14 G15 G17 G19 G21 G22 G23 G24 G30,G05:L1/L2:0 G10:L1/L2:0 G12:L1/L2:0 G14:L1/L2:0 G15:L1/L2:0 G17:L1/L2:0 G19:L1/L2:0 G20:L1/L2:0 G21:L1/L2:0 G22:L1/L2:0 G23:L1/L2:0 G24:L1/L2:0 G30:L1/L2:0,-0.4062,4.9239,4833519.6978,41537.5419,4147461.4298
0.5626,2.8362,0.0658,4200.0,15,0.5880,0.1712,G05 G10 G12 G15 G17 G19 G20 G22 G23 G24 G25,3,-0.1580,11,0.1474,True,igs,EBRE,ok,2026-07-08 20:43:00 GPST,333780.0,-0.5626,1,G20,12,G05 G10 G12 G14 G15 G17 G19 G21 G22 G23 G24 G30,G05:L1/L2:0 G10:L1/L2:0 G12:L1/L2:0 G14:L1/L2:0 G15:L1/L2:0 G17:L1/L2:0 G19:L1/L2:0 G20:L1/L2:0 G21:L1/L2:0 G22:L1/L2:0 G23:L1/L2:0 G24:L1/L2:0 G30:L1/L2:0,-0.5626,4.9677,4833519.5905,41537.5951,4147461.3142
0.6666,2.8278,0.1004,4500.0,16,0.6935,0.1914,G05 G10 G12 G15 G17 G19 G20 G22 G23 G24 G25,3,-0.1629,11,0.1460,True,igs,EBRE,ok,2026-07-08 20:48:00 GPST,334080.0,-0.6666,1,G20,12,G05 G10 G12 G14 G15 G17 G19 G21 G22 G23 G24 G30,G05:L1/L2:0 G10:L1/L2:0 G12:L1/L2:0 G14:L1/L2:0 G15:L1/L2:0 G17:L1/L2:0 G19:L1/L2:0 G20:L1/L2:0 G21:L1/L2:0 G22:L1/L2:0 G23:L1/L2:0 G24:L1/L2:0 G30:L1/L2:0,-0.6666,4.9833,4833519.5147,41537.6291,4147461.2425
0.7325,2.8182,0.1146,4800.0,17,0.7581,0.1953,G05 G10 G12 G15 G17 G19 G20 G22 G23 G24 G25,3,-0.1582,11,0.1446,True,igs,EBRE,ok,2026-07-08 20:53:00 GPST,334380.0,-0.7325,1,G20,12,G05 G10 G12 G14 G15 G17 G19 G21 G22 G23 G24 G30,G05:L1/L2:0 G10:L1/L2:0 G12:L1/L2:0 G14:L1/L2:0 G15:L1/L2:0 G17:L1/L2:0 G19:L1/L2:0 G20:L1/L2:0 G21:L1/L2:0 G22:L1/L2:0 G23:L1/L2:0 G24:L1/L2:0 G30:L1/L2:0,-0.7325,4.9837,4833519.4616,41537.6428,4147461.2030
0.7889,2.8373,0.1243,5100.0,18,0.8124,0.1941,G10 G12 G15 G17 G19 G20 G22 G23 G24 G25,3,-0.1491,10,0.1435,True,igs,EBRE,ok,2026-07-08 20:58:00 GPST,334680.0,-0.7889,1,G20,12,G05 G10 G12 G14 G15 G17 G19 G21 G22 G23 G24 G30,G05:L1/L2:0 G10:L1/L2:0 G12:L1/L2:0 G14:L1/L2:0 G15:L1/L2:0 G17:L1/L2:0 G19:L1/L2:0 G20:L1/L2:0 G21:L1/L2:0 G22:L1/L2:0 G23:L1/L2:0 G24:L1/L2:0 G30:L1/L2:0,-0.7889,4.9913,4833519.4130,41537.6521,4147461.1730
0.7407,2.8445,0.1124,5400.0,19,0.7606,0.1727,G10 G12 G15 G17 G19 G20 G22 G23 G24 G25,3,-0.1311,10,0.1409,True,igs,EBRE,ok,2026-07-08 21:03:00 GPST,334980.0,-0.7407,1,G20,12,G05 G10 G12 G14 G15 G17 G19 G21 G22 G23 G24 G30,G05:L1/L2:0 G10:L1/L2:0 G12:L1/L2:0 G14:L1/L2:0 G15:L1/L2:0 G17:L1/L2:0 G19:L1/L2:0 G20:L1/L2:0 G21:L1/L2:0 G22:L1/L2:0 G23:L1/L2:0 G24:L1/L2:0 G30:L1/L2:0,-0.7407,4.9245,4833519.4378,41537.6403,4147461.2181
